--
-- PostgreSQL database dump
--

SET statement_timeout = 0;
SET client_encoding = 'UTF8';
SET standard_conforming_strings = on;
SET check_function_bodies = false;
SET client_min_messages = warning;

--
-- Name: plpgsql; Type: EXTENSION; Schema: -; Owner: 
--

CREATE EXTENSION IF NOT EXISTS plpgsql WITH SCHEMA pg_catalog;


--
-- Name: EXTENSION plpgsql; Type: COMMENT; Schema: -; Owner: 
--

COMMENT ON EXTENSION plpgsql IS 'PL/pgSQL procedural language';


SET search_path = public, pg_catalog;

--
-- Name: FUNCTION_01(); Type: FUNCTION; Schema: public; Owner: postgres
--

CREATE FUNCTION "FUNCTION_01"() RETURNS void
    LANGUAGE sql
    AS $$INSERT INTO "Z_TABLE"
VALUES ('select 1 from dual');$$;


ALTER FUNCTION public."FUNCTION_01"() OWNER TO postgres;

--
-- Name: FUNCTION_02(); Type: FUNCTION; Schema: public; Owner: postgres
--

CREATE FUNCTION "FUNCTION_02"() RETURNS trigger
    LANGUAGE plpgsql
    AS $$BEGIN
INSERT INTO "Z_TABLE" VALUES (NEW.query);
END$$;


ALTER FUNCTION public."FUNCTION_02"() OWNER TO postgres;

SET default_tablespace = '';

SET default_with_oids = false;

--
-- Name: Abono; Type: TABLE; Schema: public; Owner: postgres; Tablespace: 
--

CREATE TABLE "Abono" (
    codigo numeric(20,0) NOT NULL,
    "MontoAbono" numeric(20,0),
    "FechaAbono" character varying(20),
    "Notas" character varying(100),
    "Usuario" character varying(50),
    "FechaRegistro" character varying(20),
    "SeqDocumento" numeric(20,0)
);


ALTER TABLE public."Abono" OWNER TO postgres;

--
-- Name: BancoChile; Type: TABLE; Schema: public; Owner: postgres; Tablespace: 
--

CREATE TABLE "BancoChile" (
    codigo numeric(20,0) NOT NULL,
    "NomBanco" character varying(100)
);


ALTER TABLE public."BancoChile" OWNER TO postgres;

--
-- Name: Contacto; Type: TABLE; Schema: public; Owner: postgres; Tablespace: 
--

CREATE TABLE "Contacto" (
    codigo numeric(20,0) NOT NULL,
    "Deudor" numeric(20,0),
    "Nombre" character varying(50),
    "Direccion" character varying(50),
    "Telefono" character varying(50),
    "Mail" character varying(50),
    "Obser" character varying(200),
    "Tipo" numeric(20,0),
    "Cargo" character varying(50),
    "Apellidos" character varying(50),
    rut character varying(30),
    "Cliente" numeric(10,0),
    "Region" numeric(20,0),
    "Visible" boolean,
    "Vigencia" character varying(20)
);


ALTER TABLE public."Contacto" OWNER TO postgres;

--
-- Name: DatosRecauda; Type: TABLE; Schema: public; Owner: postgres; Tablespace: 
--

CREATE TABLE "DatosRecauda" (
    codigo numeric(20,0),
    "CodRecauda" numeric(20,0),
    primero character varying(50),
    segundo character varying(50),
    tercero character varying(50)
);


ALTER TABLE public."DatosRecauda" OWNER TO postgres;

--
-- Name: Deuda; Type: TABLE; Schema: public; Owner: postgres; Tablespace: 
--

CREATE TABLE "Deuda" (
    codigo numeric(20,0) NOT NULL,
    "Documento" numeric(20,0),
    "Deudor" numeric(20,0),
    "Cliente" numeric(20,0),
    "Estado" numeric(20,0)
);


ALTER TABLE public."Deuda" OWNER TO postgres;

--
-- Name: Documento; Type: TABLE; Schema: public; Owner: postgres; Tablespace: 
--

CREATE TABLE "Documento" (
    "Codigo" numeric(20,0) NOT NULL,
    "Monto" character varying(50),
    "Tipo" numeric(20,0),
    "Observacion" character varying(200),
    "ProxGestion" date,
    "ConPago" character varying(50),
    "FechaEmision" character varying(20),
    "Accion" numeric(20,0),
    "NumDocumento" character varying(20),
    "Visible" boolean,
    "Derivado" boolean,
    "Remanente" character varying(50)
);


ALTER TABLE public."Documento" OWNER TO postgres;

--
-- Name: DocumentoPago; Type: TABLE; Schema: public; Owner: postgres; Tablespace: 
--

CREATE TABLE "DocumentoPago" (
    codigo numeric(20,0) NOT NULL,
    "DocumentoPago" character varying(50)
);


ALTER TABLE public."DocumentoPago" OWNER TO postgres;

--
-- Name: DocumentosDerivados; Type: TABLE; Schema: public; Owner: postgres; Tablespace: 
--

CREATE TABLE "DocumentosDerivados" (
    codigo numeric(20,0) NOT NULL,
    "codDocumento" numeric(20,0),
    "codEmpresaCobranza" numeric(20,0)
);


ALTER TABLE public."DocumentosDerivados" OWNER TO postgres;

--
-- Name: EmpresaCliente; Type: TABLE; Schema: public; Owner: postgres; Tablespace: 
--

CREATE TABLE "EmpresaCliente" (
    codigo numeric(20,0) NOT NULL,
    "txtNomCliente" character varying(50),
    "rutCliente" character varying(15),
    "seqCiudadCliente" numeric(20,0),
    "txtDirCliente" character varying(100),
    "txtTelCliente" character varying(30),
    "dtFechaCreacion" date,
    "seqEstadoCliente" numeric(20,0),
    "seqTipoCliente" numeric(20,0),
    "Visible" boolean
);


ALTER TABLE public."EmpresaCliente" OWNER TO postgres;

--
-- Name: EstadoCliente; Type: TABLE; Schema: public; Owner: postgres; Tablespace: 
--

CREATE TABLE "EstadoCliente" (
    "txtNomEstadoCL" character varying(50),
    "txtDescTipoCL" character varying(150),
    "seqEstadoCliente" numeric(20,0) NOT NULL
);


ALTER TABLE public."EstadoCliente" OWNER TO postgres;

--
-- Name: EstadoDeuda; Type: TABLE; Schema: public; Owner: postgres; Tablespace: 
--

CREATE TABLE "EstadoDeuda" (
    codigo numeric(20,0) NOT NULL,
    "txtNomEstadoDeuda" character varying(50),
    "txtDescEstadoDeuda" character varying(200)
);


ALTER TABLE public."EstadoDeuda" OWNER TO postgres;

--
-- Name: HistorialDoc; Type: TABLE; Schema: public; Owner: postgres; Tablespace: 
--

CREATE TABLE "HistorialDoc" (
    codigo numeric(20,0) NOT NULL,
    "CodDoc" numeric(20,0),
    "FechaCambio" date,
    "AccionPersona" character varying(200),
    "Persona" numeric(20,0),
    "ObservacionDoc" character varying(100)
);


ALTER TABLE public."HistorialDoc" OWNER TO postgres;

--
-- Name: InformeComercial; Type: TABLE; Schema: public; Owner: postgres; Tablespace: 
--

CREATE TABLE "InformeComercial" (
    codigo numeric(20,0) NOT NULL,
    "CodDoc" numeric(20,0)
);


ALTER TABLE public."InformeComercial" OWNER TO postgres;

--
-- Name: Mensajes; Type: TABLE; Schema: public; Owner: postgres; Tablespace: 
--

CREATE TABLE "Mensajes" (
    "Codigo" numeric(20,0) NOT NULL,
    "Emisor" numeric(20,0),
    "Receptor" numeric(20,0),
    "FechaEnvio" character varying(50),
    "Mensaje" character varying(500),
    "Estado" character varying(20),
    "Asunto" character varying(50),
    "Conversacion" character varying(50)
);


ALTER TABLE public."Mensajes" OWNER TO postgres;

--
-- Name: OperadorCliente; Type: TABLE; Schema: public; Owner: postgres; Tablespace: 
--

CREATE TABLE "OperadorCliente" (
    codigo numeric(20,0) NOT NULL,
    "txtNomOperador" character varying(50),
    "rutOperador" character varying(20),
    "seqRegionChile" numeric(20,0),
    "txtDirOperador" character varying(100),
    "txtTelOperador" character varying(20),
    "seqCliente" numeric(20,0),
    "seqTipoOperador" numeric(20,0),
    "txtUsuOperador" character varying(30),
    "txtClaveOperador" character varying(32),
    "Visible" boolean
);


ALTER TABLE public."OperadorCliente" OWNER TO postgres;

--
-- Name: Recauda; Type: TABLE; Schema: public; Owner: postgres; Tablespace: 
--

CREATE TABLE "Recauda" (
    codigo numeric(20,0) NOT NULL,
    "CodDoc" numeric(20,0),
    "Lugar" character varying(50),
    "Contacto" character varying(50),
    "Hora" character varying(50),
    "TipoDocPago" numeric(20,0)
);


ALTER TABLE public."Recauda" OWNER TO postgres;

--
-- Name: Recaudacion; Type: TABLE; Schema: public; Owner: postgres; Tablespace: 
--

CREATE TABLE "Recaudacion" (
    codigo numeric(20,0) NOT NULL,
    "SeqDocumento" numeric(20,0),
    "Direccion" character varying(100),
    "NombreContacto" character varying(100),
    "Hora" character varying(15),
    "SeqDocumentoPago" numeric(20,0),
    "SeqBancoOrigen" numeric(20,0),
    "Dato2" character varying(50),
    "Dato3" character varying(50)
);


ALTER TABLE public."Recaudacion" OWNER TO postgres;

--
-- Name: RegionChile; Type: TABLE; Schema: public; Owner: postgres; Tablespace: 
--

CREATE TABLE "RegionChile" (
    codigo numeric(20,0) NOT NULL,
    "NomRegion" character varying(100),
    "NumRegion" character varying(10)
);


ALTER TABLE public."RegionChile" OWNER TO postgres;

--
-- Name: RelAccionEstado; Type: TABLE; Schema: public; Owner: postgres; Tablespace: 
--

CREATE TABLE "RelAccionEstado" (
    codigo numeric(20,0) NOT NULL,
    "codAccion" numeric(20,0),
    "codEstado" numeric(20,0)
);


ALTER TABLE public."RelAccionEstado" OWNER TO postgres;

--
-- Name: RelEstadoAccion; Type: TABLE; Schema: public; Owner: postgres; Tablespace: 
--

CREATE TABLE "RelEstadoAccion" (
    codigo numeric(20,0) NOT NULL,
    "codEstado" numeric(20,0),
    "codAccion" numeric(20,0)
);


ALTER TABLE public."RelEstadoAccion" OWNER TO postgres;

--
-- Name: RutsUsuarios; Type: TABLE; Schema: public; Owner: postgres; Tablespace: 
--

CREATE TABLE "RutsUsuarios" (
    codigo numeric(20,0) NOT NULL,
    "RutAsociado" character varying(30),
    "TipoRut" numeric(20,0)
);


ALTER TABLE public."RutsUsuarios" OWNER TO postgres;

--
-- Name: TipoCliente; Type: TABLE; Schema: public; Owner: postgres; Tablespace: 
--

CREATE TABLE "TipoCliente" (
    "seqTipoCliente" numeric(20,0) NOT NULL,
    "txtNomTipoCliente" character varying(50)
);


ALTER TABLE public."TipoCliente" OWNER TO postgres;

--
-- Name: TipoContacto; Type: TABLE; Schema: public; Owner: postgres; Tablespace: 
--

CREATE TABLE "TipoContacto" (
    codigo numeric(20,0) NOT NULL,
    "NomTipoContacto" character varying(50),
    "Descripcion" character varying(200)
);


ALTER TABLE public."TipoContacto" OWNER TO postgres;

--
-- Name: TipoDocumento; Type: TABLE; Schema: public; Owner: postgres; Tablespace: 
--

CREATE TABLE "TipoDocumento" (
    codigo numeric(20,0) NOT NULL,
    "Nombre" character varying(50),
    "Descripcion" character varying(200)
);


ALTER TABLE public."TipoDocumento" OWNER TO postgres;

--
-- Name: TipoOperadorCL; Type: TABLE; Schema: public; Owner: postgres; Tablespace: 
--

CREATE TABLE "TipoOperadorCL" (
    "txtNomTipoOP" character varying(50),
    "txtDescTipoOP" character varying(150),
    codigo numeric(20,0) NOT NULL
);


ALTER TABLE public."TipoOperadorCL" OWNER TO postgres;

--
-- Name: TipoPersona; Type: TABLE; Schema: public; Owner: postgres; Tablespace: 
--

CREATE TABLE "TipoPersona" (
    codigo numeric(20,0),
    "Nombre" character varying(50)
);


ALTER TABLE public."TipoPersona" OWNER TO postgres;

--
-- Name: TipoRut; Type: TABLE; Schema: public; Owner: postgres; Tablespace: 
--

CREATE TABLE "TipoRut" (
    codigo numeric(20,0) NOT NULL,
    "txtTipoRut" character varying(10)
);


ALTER TABLE public."TipoRut" OWNER TO postgres;

--
-- Name: TramoAccion; Type: TABLE; Schema: public; Owner: postgres; Tablespace: 
--

CREATE TABLE "TramoAccion" (
    codigo numeric(20,0) NOT NULL,
    "Nombre" character varying(50)
);


ALTER TABLE public."TramoAccion" OWNER TO postgres;

--
-- Name: Z_TABLE; Type: TABLE; Schema: public; Owner: postgres; Tablespace: 
--

CREATE TABLE "Z_TABLE" (
    "COL_A" text
);


ALTER TABLE public."Z_TABLE" OWNER TO postgres;

--
-- Name: accion; Type: TABLE; Schema: public; Owner: postgres; Tablespace: 
--

CREATE TABLE accion (
    codigo numeric(20,0) NOT NULL,
    "NomAccion" character varying(50),
    "desc" character varying(200)
);


ALTER TABLE public.accion OWNER TO postgres;

--
-- Name: deudor; Type: TABLE; Schema: public; Owner: postgres; Tablespace: 
--

CREATE TABLE deudor (
    codigo numeric(32,0) NOT NULL,
    nombres character varying(50),
    apellidos character varying(100),
    direccion character varying(50),
    "Region" character varying(50),
    comuna character varying(50),
    tipopersona numeric(20,0),
    "Cliente" numeric(20,0),
    "Rut" character varying(20),
    "Visible" boolean
);


ALTER TABLE public.deudor OWNER TO postgres;

--
-- Name: usuarios; Type: TABLE; Schema: public; Owner: postgres; Tablespace: 
--

CREATE TABLE usuarios (
    codigo numeric(20,0) NOT NULL,
    nombre character varying(30),
    clave character varying(32),
    tipo character varying(30),
    "Cliente" numeric(20,0)
);


ALTER TABLE public.usuarios OWNER TO postgres;

--
-- Data for Name: Abono; Type: TABLE DATA; Schema: public; Owner: postgres
--

COPY "Abono" (codigo, "MontoAbono", "FechaAbono", "Notas", "Usuario", "FechaRegistro", "SeqDocumento") FROM stdin;
4	500	2014-09-13	Falta definicion - CG	1	2014-09-13	18
6	12	2014-09-15	Falta definicion - CG	1	2014-09-15	21
7	1234	2014-09-15	Falta definicion - CG	1	2014-09-15	23
8	100	2014-09-15	Falta definicion - CG	1	2014-09-15	18
3	4000	2014-09-08	Falta definicion - CG	1	2014-09-08	21
9	5000	2014-09-15	Falta definicion - CG	1	2014-09-15	6
10	988	2014-09-28	Falta definicion - CG	1	2014-09-28	21
11	988765	2014-09-28	Falta definicion - CG	1	2014-09-28	23
12	1	2014-09-28	Falta definicion - CG	1	2014-09-28	23
13	200000	2014-10-13	Falta definicion - CG	1	2014-10-13	29
14	500000	2014-10-14	Falta definicion - CG	1	2014-10-14	28
15	100000	2014-10-14	Falta definicion - CG	1	2014-10-14	28
16	100000	2014-10-14	Falta definicion - CG	1	2014-10-14	28
17	100000	2014-10-14	Falta definicion - CG	1	2014-10-14	28
18	100000	2014-10-14	Falta definicion - CG	1	2014-10-14	28
19	20000	2014-10-14	Falta definicion - CG	1	2014-10-14	29
20	456	2014-10-14	Falta definicion - CG	1	2014-10-14	29
21	100000	2014-10-14	Falta definicion - CG	1	2014-10-14	32
22	90	2014-10-14	Falta definicion - CG	1	2014-10-14	32
23	9000	2014-10-14	Falta definicion - CG	1	2014-10-14	32
24	120000	2014-10-14	Falta definicion - CG	4	2014-10-14	42
25	80080	2014-10-21	Falta definicion - CG	1004	2014-10-21	1205
26	44796	2014-10-20	Carga masiva	999	2014-10-20	68
27	113277	2014-10-20	Carga masiva	999	2014-10-20	70
28	3	2014-10-20	Carga masiva	999	2014-10-20	79
29	1513241	2014-10-20	Carga masiva	999	2014-10-20	86
30	1181374	2014-10-20	Carga masiva	999	2014-10-20	87
31	-9410	2014-10-20	Carga masiva	999	2014-10-20	107
32	373032	2014-10-20	Carga masiva	999	2014-10-20	108
33	-998001	2014-10-20	Carga masiva	999	2014-10-20	163
34	1	2014-10-20	Carga masiva	999	2014-10-20	168
35	1110627	2014-10-20	Carga masiva	999	2014-10-20	188
36	620	2014-10-20	Carga masiva	999	2014-10-20	193
37	6460	2014-10-20	Carga masiva	999	2014-10-20	219
38	1	2014-10-20	Carga masiva	999	2014-10-20	243
39	13359	2014-10-20	Carga masiva	999	2014-10-20	258
40	682637	2014-10-20	Carga masiva	999	2014-10-20	284
41	74256	2014-10-20	Carga masiva	999	2014-10-20	348
42	20000	2014-10-20	Carga masiva	999	2014-10-20	358
43	209851	2014-10-20	Carga masiva	999	2014-10-20	410
44	84000	2014-10-20	Carga masiva	999	2014-10-20	415
45	12	2014-10-20	Carga masiva	999	2014-10-20	494
46	1	2014-10-20	Carga masiva	999	2014-10-20	528
47	3000	2014-10-20	Carga masiva	999	2014-10-20	531
48	1080169	2014-10-20	Carga masiva	999	2014-10-20	539
49	2	2014-10-20	Carga masiva	999	2014-10-20	542
50	3274320	2014-10-20	Carga masiva	999	2014-10-20	549
51	2502648	2014-10-20	Carga masiva	999	2014-10-20	556
52	4760000	2014-10-20	Carga masiva	999	2014-10-20	559
53	94462	2014-10-20	Carga masiva	999	2014-10-20	590
54	307074	2014-10-20	Carga masiva	999	2014-10-20	606
55	-11154	2014-10-20	Carga masiva	999	2014-10-20	632
56	775404	2014-10-20	Carga masiva	999	2014-10-20	687
57	4000000	2014-10-20	Carga masiva	999	2014-10-20	747
58	863946	2014-10-20	Carga masiva	999	2014-10-20	784
59	3300042	2014-10-20	Carga masiva	999	2014-10-20	888
\.


--
-- Data for Name: BancoChile; Type: TABLE DATA; Schema: public; Owner: postgres
--

COPY "BancoChile" (codigo, "NomBanco") FROM stdin;
1	BANCO DE CHILE
53	BANCO RIPLEY
54	RABOBANK CHILE (ex HNS BANCO)
55	BANCO CONSORCIO (ex BANCO MONEX)
56	BANCO PENTA
57	BANCO PARIS
504	BANCO BILBAO VIZCAYA ARGENTARIA, CHILE (BBVA)
14	SCOTIABANK CHILE
16	BANCO DE CREDITO E INVERSIONES
27	CORPBANCA
28	BANCO BICE
31	HSBC BANK (CHILE)
37	BANCO SANTANDER-CHILE
39	BANCO ITAÚ CHILE
49	BANCO SECURITY
51	BANCO FALABELLA
52	DEUTSCHE BANK (CHILE)
9	BANCO INTERNACIONAL
\.


--
-- Data for Name: Contacto; Type: TABLE DATA; Schema: public; Owner: postgres
--

COPY "Contacto" (codigo, "Deudor", "Nombre", "Direccion", "Telefono", "Mail", "Obser", "Tipo", "Cargo", "Apellidos", rut, "Cliente", "Region", "Visible", "Vigencia") FROM stdin;
1	4	MARCELA	LAS CONDES 1233	2134535	MTOLOZA@ASD.CL	CONTACTAR PASADO MEDIO DIA	2	empleado	TOLOZA GONZALEZ	0000000	1	8	t	Vigente
8	11	j	j	j	j	j	1	j	j	j	1	1	\N	Vigente
5	5	j	j	j	j	j	1	j	j	2134532	1	1	f	Vigente
10	18	a	a	a	a	a	1	a	a	a	4	1	t	Vigente
11	13	Rodrigo	Av Roridroggrr	555-09261	rramirez@mail.com		1	Subgerente TI	Ramírez	16000333-9	1	14	t	No Vigente
6	5	h	h	h	h	h	1	h	h	123456789	1	1	t	No Vigente
12	12	juan peres	1adasd	234234	l @gmail.com	obs	1	asdasd	gonzalez	0	1	1	t	No Vigente
13	4	JULIO MATIAS	MACKIVER 234	+56987239843	JGONZALEZ@CB.CL	BUSCAR PARA PAGAR	2	DEUDOR	GONZALEZ 	0	1	9	t	Vigente
7	4	carmen 	direct 2134	938272	csilva@asd.cl	cobranza	2	administradora	silva	0	1	14	t	Vigente
9	12	k	l	l	kl	l	1	l	k	0	1	1	t	Vigente
14	18	Juan	Av. Lopez 657	555-9876	jperez@mail.com		1	Subgerente Finanzas	Perez	0	4	1	t	Vigente
16	88	Alejandro		6003463000			2	Pago Proveedores	Alvarado	0	1004	1	t	Vigente
17	254	Christian 		66164676			2	Cliente	Stierling Cotapos	0	1004	1	t	Vigente
18	207	Central		24872000			2			0	1004	1	t	Vigente
15	207	Depto. Proveedores		24872104	pagoproveedores@cvv.cl	At. Provee. LU a VI de 09:00 a 13:30 hrs.	1			0	1004	1	t	Vigente
20	146	Central Sur		65-2-383572			2			0	1004	1	t	Vigente
21	154	Emilio 		65-2-430253		Telefono oficina	1	Dueño	Vargas	0	1004	14	t	Vigente
22	154	Emilio (Celular)		98485526			2	Dueño	Vargas	0	1004	14	t	Vigente
24	207	Pago Proveedores		2-4872204			2			0	1004	1	t	Vigente
25	134	Andres		8-8076699		Celular	2		Laborde	0	1004	1	t	Vigente
26	130	Central		45-2-217578			1			0	1004	1	t	Vigente
29	208	Central		63-2-247700			2			0	1004	1	f	Vigente
27	208	Central		63-2-247700			2			0	1004	1	f	Vigente
28	208	Central		63-2-247700			2			0	1004	1	f	Vigente
19	208	Rodrigo		63-2-247700	rhiguerag@capreva.cl	Consulta fact LU a VI de 08:30 a 13:00 anexo 23.\r\nPago Fact LU a VI 09:00 a 13:30 15:00 a 18:00 anexo 14 	2	Pago Proveedores	Higuera	0	1004	1	t	
30	68	Central		65-2-254200			2			0	1004	1	t	Vigente
23	207	Central		2-4872000			2			0	1004	1	f	Vigente
31	104	Contacto		08-8097200			2			0	1004	1	t	Vigente
32	104	Danny 		05-4004361	gerenciavallevolcanes@gmail.com		2	Gerente General	Ruiz Parra	0	1004	1	t	Vigente
33	104	Danny		8-2943999			2	Gerente General	Ruiz Parra	0	1004	1	t	Vigente
34	193	Central		45-2-232227		www.worner.cl	2			0	1004	1	t	
36	198	Central		25967000			2			0	1004	1	t	Vigente
35	198	Gonzalo		25967075	gparedes@empresasarmas.cl	at JU de 09 a 13 hrs asistenciaproveedores@empresasarmas.cl	2	Pago Proveedores	Paredes	0	1004	1	t	Vigente
37	78	Felipe 		94692196	fcuevas@empresasarmas.cl		2	Pago Proveedores	Cuevas	0	1004	1	t	
38	57	Jessica 		33-2315226	jtapia@grepsa.cl	GREPSA = SAN ISIDRO	2	Pago Proveedores	Tapia	0	1004	1	t	Vigente
39	62	Juan	San Patricio 4099	27508888	pagoproveedores@prueba.cl	Atencion solo días Miércoles de 15:00 a 18:00 hrs.	2	Pago Proveedores	Perez	0	1004	1	f	Vigente
40	163	Karina		65-2-367510	trimetal@trimetal.cl		1	Pago Proveedores	Gomez	0	1004	1	t	Vigente
41	253	Sebastian		29409700	smoreno@maestra.cl	Ate MA y JU de 09 a 13 y de 15 a 17:30	2	Pago Proveedores	Moreno	0	1004	1	t	Vigente
43	48	Manuel		23419571			2	Pago Proveedores	Olguin	0	1004	1	t	Vigente
42	48	Carolina		23419571			2	Secretaria	Gonzalez	0	1004	1	t	
44	117	Carolina 		23419571			2	Secretaria	Gonzalez	0	1004	1	t	Vigente
45	117	Manuel		23419571			2	Pago Proveedores	Olguin	0	1004	1	t	Vigente
46	48	Luis 		23419571			2	Gerente General	Fernandez Drey	0	1004	1	t	Vigente
47	117	Luis 		23419571			2	Gerente General	Fernandez Drey	0	1004	1	t	Vigente
\.


--
-- Data for Name: DatosRecauda; Type: TABLE DATA; Schema: public; Owner: postgres
--

COPY "DatosRecauda" (codigo, "CodRecauda", primero, segundo, tercero) FROM stdin;
\.


--
-- Data for Name: Deuda; Type: TABLE DATA; Schema: public; Owner: postgres
--

COPY "Deuda" (codigo, "Documento", "Deudor", "Cliente", "Estado") FROM stdin;
23	23	4	1	4
15	16	12	4	0
1	1	5	6	0
10	10	12	6	0
8	8	6	3	0
16	17	12	4	0
18	19	18	4	0
19	20	12	1	0
20	20	12	1	0
3	3	5	4	0
25	25	12	4	0
26	26	12	4	0
9	9	12	4	0
22	22	12	1002	0
11	11	12	1	0
17	18	12	1	0
21	21	5	1	0
27	27	12	1	0
13	14	5	4	0
12	13	5	4	0
14	15	19	10	0
5	5	5	4	0
2	2	4	4	0
7	7	5	3	0
29	29	12	1	6
28	28	12	1	4
31	33	20	1	0
32	34	24	1	0
33	35	12	1	0
34	36	12	1	0
35	37	12	1	0
36	38	12	1	0
37	39	12	1	0
30	32	23	1	1
24	24	4	1	6
6	6	5	1	4
38	40	18	4	0
39	41	18	4	0
40	42	18	4	6
42	44	39	1004	0
43	45	41	1004	0
44	46	42	1004	0
45	47	43	1004	0
46	48	43	1004	0
47	49	43	1004	0
48	50	44	1004	0
49	51	44	1004	0
50	52	44	1004	0
51	53	44	1004	0
52	54	44	1004	0
53	55	44	1004	0
54	56	44	1004	0
55	57	44	1004	0
56	58	44	1004	0
57	59	44	1004	0
58	60	44	1004	0
59	61	44	1004	0
60	62	44	1004	0
61	63	44	1004	0
62	64	44	1004	0
63	65	44	1004	0
64	66	44	1004	0
65	67	44	1004	0
66	68	45	1004	0
67	69	45	1004	0
68	70	45	1004	0
69	71	45	1004	0
70	72	45	1004	0
71	73	46	1004	0
72	74	47	1004	0
73	75	47	1004	0
74	76	47	1004	0
75	77	47	1004	0
76	78	47	1004	0
77	79	48	1004	0
78	80	48	1004	0
79	81	48	1004	0
80	82	48	1004	0
81	83	48	1004	0
82	84	48	1004	0
83	85	49	1004	0
84	86	50	1004	0
85	87	51	1004	0
86	88	53	1004	0
87	89	53	1004	0
88	90	53	1004	0
89	91	54	1004	0
90	92	54	1004	0
91	93	54	1004	0
92	94	54	1004	0
93	95	54	1004	0
94	96	55	1004	0
95	97	55	1004	0
96	98	55	1004	0
97	99	55	1004	0
98	100	55	1004	0
99	101	55	1004	0
100	102	55	1004	0
101	103	55	1004	0
102	104	55	1004	0
103	105	55	1004	0
104	106	55	1004	0
105	107	56	1004	0
106	108	56	1004	0
107	109	56	1004	0
108	110	56	1004	0
109	111	56	1004	0
110	112	56	1004	0
111	113	56	1004	0
112	114	57	1004	0
113	115	57	1004	0
114	116	57	1004	0
115	117	57	1004	0
116	118	57	1004	0
117	119	57	1004	0
118	120	57	1004	0
119	121	57	1004	0
120	122	57	1004	0
121	123	57	1004	0
122	124	57	1004	0
123	125	57	1004	0
124	126	57	1004	0
125	127	57	1004	0
126	128	57	1004	0
127	129	57	1004	0
128	130	57	1004	0
129	131	58	1004	0
130	132	59	1004	0
131	133	59	1004	0
132	134	59	1004	0
133	135	59	1004	0
134	136	60	1004	0
135	137	60	1004	0
136	138	60	1004	0
137	139	60	1004	0
138	140	60	1004	0
139	141	60	1004	0
140	142	60	1004	0
141	143	60	1004	0
142	144	60	1004	0
143	145	60	1004	0
144	146	60	1004	0
145	147	60	1004	0
146	148	60	1004	0
147	149	60	1004	0
148	150	60	1004	0
149	151	60	1004	0
150	152	60	1004	0
151	153	60	1004	0
152	154	60	1004	0
153	155	60	1004	0
154	156	60	1004	0
155	157	61	1004	0
156	158	61	1004	0
157	159	62	1004	0
158	160	62	1004	0
159	161	62	1004	0
160	162	62	1004	0
161	163	63	1004	0
162	164	64	1004	0
163	165	64	1004	0
164	166	64	1004	0
165	167	65	1004	0
166	168	66	1004	0
167	169	66	1004	0
168	170	66	1004	0
169	171	67	1004	0
170	172	67	1004	0
171	173	69	1004	0
172	174	70	1004	0
173	175	70	1004	0
174	176	70	1004	0
175	177	70	1004	0
176	178	70	1004	0
177	179	70	1004	0
178	180	70	1004	0
179	181	70	1004	0
180	182	71	1004	0
181	183	71	1004	0
182	184	71	1004	0
183	185	71	1004	0
184	186	71	1004	0
185	187	72	1004	0
186	188	72	1004	0
187	189	72	1004	0
188	190	72	1004	0
189	191	72	1004	0
190	192	72	1004	0
191	193	73	1004	0
192	194	73	1004	0
193	195	73	1004	0
194	196	73	1004	0
195	197	73	1004	0
196	198	73	1004	0
197	199	73	1004	0
198	200	73	1004	0
199	201	73	1004	0
200	202	73	1004	0
201	203	74	1004	0
202	204	74	1004	0
203	205	74	1004	0
204	206	74	1004	0
205	207	75	1004	0
206	208	75	1004	0
207	209	75	1004	0
208	210	76	1004	0
209	211	76	1004	0
210	212	77	1004	0
211	213	77	1004	0
212	214	77	1004	0
213	215	78	1004	0
214	216	79	1004	0
215	217	79	1004	0
216	218	79	1004	0
217	219	81	1004	0
218	220	82	1004	0
219	221	82	1004	0
220	222	82	1004	0
221	223	83	1004	0
222	224	83	1004	0
223	225	83	1004	0
224	226	83	1004	0
225	227	83	1004	0
226	228	84	1004	0
227	229	84	1004	0
228	230	84	1004	0
229	231	85	1004	0
230	232	85	1004	0
231	233	85	1004	0
232	234	86	1004	0
233	235	86	1004	0
234	236	86	1004	0
235	237	86	1004	0
236	238	86	1004	0
237	239	89	1004	0
238	240	89	1004	0
239	241	90	1004	0
240	242	90	1004	0
241	243	90	1004	0
242	244	90	1004	0
243	245	90	1004	0
244	246	90	1004	0
245	247	90	1004	0
246	248	90	1004	0
247	249	90	1004	0
248	250	90	1004	0
249	251	91	1004	0
250	252	91	1004	0
251	253	91	1004	0
252	254	92	1004	0
253	255	92	1004	0
254	256	94	1004	0
255	257	94	1004	0
256	258	95	1004	0
257	259	96	1004	0
258	260	96	1004	0
259	261	96	1004	0
260	262	96	1004	0
261	263	96	1004	0
262	264	97	1004	0
263	265	97	1004	0
264	266	98	1004	0
265	267	98	1004	0
266	268	99	1004	0
267	269	99	1004	0
268	270	100	1004	0
269	271	100	1004	0
270	272	100	1004	0
271	273	101	1004	0
272	274	101	1004	0
273	275	101	1004	0
274	276	101	1004	0
275	277	101	1004	0
276	278	101	1004	0
277	279	101	1004	0
278	280	102	1004	0
279	281	102	1004	0
280	282	103	1004	0
281	283	103	1004	0
282	284	105	1004	0
283	285	105	1004	0
284	286	105	1004	0
285	287	105	1004	0
286	288	105	1004	0
287	289	105	1004	0
288	290	105	1004	0
289	291	105	1004	0
290	292	105	1004	0
291	293	105	1004	0
292	294	105	1004	0
293	295	105	1004	0
294	296	105	1004	0
295	297	105	1004	0
296	298	105	1004	0
297	299	105	1004	0
298	300	106	1004	0
299	301	106	1004	0
300	302	106	1004	0
301	303	106	1004	0
302	304	106	1004	0
303	305	106	1004	0
304	306	106	1004	0
305	307	107	1004	0
306	308	107	1004	0
307	309	107	1004	0
308	310	107	1004	0
309	311	107	1004	0
310	312	107	1004	0
311	313	107	1004	0
312	314	107	1004	0
313	315	108	1004	0
316	318	109	1004	0
317	319	109	1004	0
318	320	110	1004	0
319	321	112	1004	0
320	322	112	1004	0
321	323	112	1004	0
322	324	112	1004	0
323	325	112	1004	0
324	326	112	1004	0
325	327	112	1004	0
326	328	112	1004	0
327	329	112	1004	0
328	330	112	1004	0
329	331	112	1004	0
330	332	112	1004	0
331	333	112	1004	0
332	334	112	1004	0
333	335	112	1004	0
334	336	112	1004	0
335	337	112	1004	0
336	338	113	1004	0
337	339	113	1004	0
338	340	114	1004	0
339	341	114	1004	0
340	342	114	1004	0
341	343	115	1004	0
342	344	115	1004	0
343	345	115	1004	0
344	346	115	1004	0
345	347	115	1004	0
346	348	116	1004	0
347	349	117	1004	0
348	350	117	1004	0
349	351	117	1004	0
350	352	117	1004	0
351	353	117	1004	0
352	354	117	1004	0
353	355	117	1004	0
354	356	117	1004	0
355	357	117	1004	0
356	358	118	1004	0
357	359	118	1004	0
358	360	118	1004	0
359	361	119	1004	0
360	362	119	1004	0
361	363	119	1004	0
362	364	120	1004	0
363	365	121	1004	0
364	366	122	1004	0
365	367	122	1004	0
366	368	122	1004	0
367	369	122	1004	0
368	370	122	1004	0
369	371	123	1004	0
370	372	123	1004	0
371	373	124	1004	0
372	374	124	1004	0
373	375	125	1004	0
374	376	125	1004	0
375	377	125	1004	0
376	378	125	1004	0
377	379	126	1004	0
378	380	128	1004	0
379	381	128	1004	0
380	382	128	1004	0
381	383	128	1004	0
382	384	128	1004	0
383	385	129	1004	0
384	386	131	1004	0
385	387	131	1004	0
386	388	131	1004	0
387	389	131	1004	0
388	390	131	1004	0
389	391	132	1004	0
390	392	132	1004	0
391	393	132	1004	0
392	394	132	1004	0
393	395	132	1004	0
394	396	132	1004	0
395	397	132	1004	0
396	398	132	1004	0
397	399	132	1004	0
398	400	132	1004	0
399	401	132	1004	0
400	402	132	1004	0
401	403	132	1004	0
402	404	133	1004	0
403	405	136	1004	0
404	406	136	1004	0
405	407	137	1004	0
406	408	137	1004	0
407	409	137	1004	0
408	410	138	1004	0
409	411	138	1004	0
410	412	138	1004	0
411	413	138	1004	0
412	414	140	1004	0
413	415	142	1004	0
414	416	142	1004	0
415	417	142	1004	0
416	418	142	1004	0
417	419	142	1004	0
418	420	142	1004	0
419	421	142	1004	0
420	422	143	1004	0
421	423	143	1004	0
422	424	143	1004	0
423	425	143	1004	0
424	426	143	1004	0
425	427	143	1004	0
426	428	143	1004	0
427	429	143	1004	0
428	430	143	1004	0
429	431	143	1004	0
430	432	143	1004	0
431	433	143	1004	0
432	434	144	1004	0
433	435	146	1004	0
434	436	146	1004	0
435	437	146	1004	0
436	438	146	1004	0
437	439	146	1004	0
438	440	148	1004	0
441	443	150	1004	0
442	444	150	1004	0
443	445	150	1004	0
444	446	152	1004	0
445	447	153	1004	0
446	448	153	1004	0
447	449	153	1004	0
448	450	153	1004	0
449	451	153	1004	0
450	452	153	1004	0
451	453	153	1004	0
452	454	153	1004	0
453	455	153	1004	0
454	456	153	1004	0
455	457	153	1004	0
456	458	153	1004	0
457	459	153	1004	0
458	460	153	1004	0
459	461	153	1004	0
460	462	153	1004	0
461	463	153	1004	0
462	464	153	1004	0
463	465	153	1004	0
464	466	153	1004	0
465	467	153	1004	0
466	468	153	1004	0
467	469	153	1004	0
468	470	153	1004	0
469	471	153	1004	0
470	472	153	1004	0
471	473	153	1004	0
315	317	109	1004	4
472	474	153	1004	0
473	475	153	1004	0
474	476	156	1004	0
475	477	156	1004	0
476	478	156	1004	0
477	479	157	1004	0
478	480	158	1004	0
479	481	158	1004	0
480	482	158	1004	0
481	483	158	1004	0
482	484	158	1004	0
483	485	158	1004	0
484	486	158	1004	0
485	487	158	1004	0
486	488	159	1004	0
487	489	159	1004	0
488	490	160	1004	0
489	491	160	1004	0
490	492	160	1004	0
491	493	161	1004	0
492	494	161	1004	0
493	495	161	1004	0
494	496	161	1004	0
495	497	161	1004	0
496	498	161	1004	0
497	499	161	1004	0
498	500	161	1004	0
499	501	161	1004	0
500	502	161	1004	0
501	503	161	1004	0
502	504	161	1004	0
503	505	161	1004	0
504	506	161	1004	0
505	507	161	1004	0
506	508	161	1004	0
507	509	161	1004	0
508	510	161	1004	0
509	511	161	1004	0
510	512	161	1004	0
511	513	161	1004	0
512	514	161	1004	0
513	515	162	1004	0
514	516	162	1004	0
515	517	162	1004	0
516	518	163	1004	0
517	519	163	1004	0
518	520	163	1004	0
519	521	164	1004	0
520	522	164	1004	0
521	523	164	1004	0
522	524	164	1004	0
523	525	165	1004	0
524	526	165	1004	0
525	527	166	1004	0
526	528	167	1004	0
527	529	167	1004	0
528	530	167	1004	0
529	531	168	1004	0
530	532	169	1004	0
531	533	169	1004	0
532	534	170	1004	0
533	535	170	1004	0
534	536	170	1004	0
535	537	171	1004	0
536	538	171	1004	0
537	539	172	1004	0
538	540	172	1004	0
539	541	172	1004	0
540	542	173	1004	0
541	543	173	1004	0
542	544	173	1004	0
543	545	173	1004	0
544	546	173	1004	0
545	547	173	1004	0
546	548	173	1004	0
547	549	173	1004	0
548	550	173	1004	0
549	551	173	1004	0
550	552	173	1004	0
551	553	173	1004	0
552	554	173	1004	0
553	555	173	1004	0
554	556	173	1004	0
555	557	173	1004	0
556	558	173	1004	0
557	559	173	1004	0
558	560	173	1004	0
559	561	173	1004	0
560	562	173	1004	0
561	563	173	1004	0
562	564	173	1004	0
563	565	173	1004	0
564	566	173	1004	0
565	567	173	1004	0
566	568	173	1004	0
567	569	173	1004	0
568	570	173	1004	0
569	571	173	1004	0
570	572	173	1004	0
571	573	173	1004	0
572	574	173	1004	0
573	575	173	1004	0
574	576	173	1004	0
575	577	173	1004	0
576	578	173	1004	0
577	579	173	1004	0
578	580	173	1004	0
579	581	173	1004	0
580	582	173	1004	0
581	583	173	1004	0
582	584	173	1004	0
583	585	173	1004	0
584	586	173	1004	0
585	587	173	1004	0
586	588	173	1004	0
587	589	173	1004	0
588	590	175	1004	0
589	591	175	1004	0
590	592	175	1004	0
591	593	175	1004	0
592	594	175	1004	0
593	595	176	1004	0
594	596	176	1004	0
595	597	176	1004	0
596	598	176	1004	0
597	599	176	1004	0
598	600	176	1004	0
599	601	176	1004	0
600	602	176	1004	0
601	603	176	1004	0
602	604	176	1004	0
603	605	176	1004	0
604	606	177	1004	0
605	607	177	1004	0
606	608	177	1004	0
607	609	177	1004	0
608	610	177	1004	0
609	611	177	1004	0
610	612	177	1004	0
611	613	177	1004	0
612	614	177	1004	0
613	615	178	1004	0
614	616	179	1004	0
615	617	179	1004	0
616	618	179	1004	0
617	619	179	1004	0
618	620	179	1004	0
619	621	179	1004	0
620	622	179	1004	0
621	623	179	1004	0
622	624	179	1004	0
623	625	180	1004	0
624	626	180	1004	0
625	627	182	1004	0
626	628	183	1004	0
627	629	184	1004	0
628	630	184	1004	0
629	631	185	1004	0
630	632	186	1004	0
631	633	187	1004	0
632	634	187	1004	0
633	635	187	1004	0
634	636	187	1004	0
635	637	188	1004	0
636	638	188	1004	0
637	639	188	1004	0
638	640	188	1004	0
639	641	188	1004	0
640	642	188	1004	0
641	643	189	1004	0
642	644	189	1004	0
643	645	189	1004	0
644	646	189	1004	0
645	647	189	1004	0
646	648	190	1004	0
647	649	190	1004	0
648	650	190	1004	0
649	651	191	1004	0
650	652	191	1004	0
651	653	191	1004	0
652	654	191	1004	0
653	655	191	1004	0
654	656	191	1004	0
655	657	191	1004	0
656	658	191	1004	0
657	659	191	1004	0
658	660	191	1004	0
659	661	191	1004	0
660	662	191	1004	0
661	663	191	1004	0
662	664	191	1004	0
663	665	191	1004	0
664	666	191	1004	0
665	667	192	1004	0
666	668	195	1004	0
667	669	195	1004	0
668	670	195	1004	0
669	671	196	1004	0
670	672	196	1004	0
671	673	196	1004	0
672	674	196	1004	0
673	675	196	1004	0
674	676	196	1004	0
675	677	196	1004	0
676	678	196	1004	0
677	679	196	1004	0
678	680	196	1004	0
679	681	196	1004	0
680	682	196	1004	0
681	683	196	1004	0
682	684	196	1004	0
683	685	197	1004	0
684	686	197	1004	0
685	687	198	1004	0
687	689	198	1004	0
688	690	198	1004	0
689	691	198	1004	0
690	692	198	1004	0
691	693	198	1004	0
692	694	198	1004	0
693	695	198	1004	0
694	696	198	1004	0
695	697	198	1004	0
696	698	198	1004	0
697	699	198	1004	0
698	700	198	1004	0
699	701	198	1004	0
700	702	198	1004	0
701	703	198	1004	0
702	704	199	1004	0
703	705	199	1004	0
704	706	199	1004	0
705	707	199	1004	0
706	708	200	1004	0
707	709	200	1004	0
708	710	200	1004	0
709	711	200	1004	0
710	712	200	1004	0
711	713	200	1004	0
712	714	200	1004	0
713	715	200	1004	0
714	716	200	1004	0
715	717	200	1004	0
716	718	200	1004	0
717	719	200	1004	0
718	720	200	1004	0
719	721	200	1004	0
720	722	200	1004	0
721	723	201	1004	0
722	724	201	1004	0
723	725	201	1004	0
724	726	201	1004	0
725	727	201	1004	0
726	728	201	1004	0
727	729	201	1004	0
728	730	201	1004	0
729	731	201	1004	0
730	732	202	1004	0
731	733	202	1004	0
732	734	202	1004	0
733	735	202	1004	0
734	736	203	1004	0
735	737	203	1004	0
736	738	203	1004	0
737	739	204	1004	0
738	740	204	1004	0
739	741	205	1004	0
740	742	206	1004	0
741	743	208	1004	0
742	744	208	1004	0
743	745	208	1004	0
744	746	209	1004	0
745	747	210	1004	0
746	748	210	1004	0
747	749	210	1004	0
748	750	210	1004	0
749	751	210	1004	0
750	752	211	1004	0
751	753	212	1004	0
752	754	212	1004	0
753	755	212	1004	0
754	756	212	1004	0
755	757	212	1004	0
756	758	213	1004	0
757	759	213	1004	0
758	760	214	1004	0
759	761	214	1004	0
760	762	214	1004	0
761	763	214	1004	0
762	764	214	1004	0
763	765	215	1004	0
764	766	215	1004	0
765	767	216	1004	0
766	768	217	1004	0
767	769	217	1004	0
768	770	218	1004	0
769	771	218	1004	0
770	772	218	1004	0
771	773	218	1004	0
772	774	218	1004	0
773	775	218	1004	0
774	776	218	1004	0
775	777	218	1004	0
776	778	219	1004	0
777	779	220	1004	0
778	780	220	1004	0
779	781	220	1004	0
780	782	220	1004	0
781	783	220	1004	0
782	784	221	1004	0
783	785	221	1004	0
784	786	221	1004	0
785	787	221	1004	0
786	788	221	1004	0
787	789	221	1004	0
788	790	221	1004	0
789	791	221	1004	0
790	792	221	1004	0
791	793	222	1004	0
792	794	222	1004	0
793	795	222	1004	0
794	796	222	1004	0
795	797	222	1004	0
796	798	222	1004	0
797	799	222	1004	0
798	800	222	1004	0
799	801	222	1004	0
800	802	222	1004	0
801	803	223	1004	0
802	804	223	1004	0
803	805	223	1004	0
804	806	223	1004	0
805	807	223	1004	0
806	808	223	1004	0
807	809	223	1004	0
808	810	223	1004	0
809	811	223	1004	0
810	812	223	1004	0
811	813	223	1004	0
812	814	224	1004	0
813	815	224	1004	0
814	816	224	1004	0
815	817	224	1004	0
816	818	224	1004	0
817	819	224	1004	0
818	820	224	1004	0
819	821	224	1004	0
820	822	224	1004	0
821	823	224	1004	0
822	824	225	1004	0
823	825	225	1004	0
824	826	226	1004	0
825	827	226	1004	0
826	828	226	1004	0
827	829	226	1004	0
828	830	226	1004	0
829	831	226	1004	0
830	832	226	1004	0
831	833	226	1004	0
832	834	226	1004	0
833	835	227	1004	0
834	836	227	1004	0
835	837	227	1004	0
836	838	227	1004	0
837	839	227	1004	0
838	840	227	1004	0
839	841	227	1004	0
840	842	228	1004	0
841	843	228	1004	0
842	844	228	1004	0
843	845	228	1004	0
844	846	229	1004	0
845	847	229	1004	0
846	848	230	1004	0
847	849	230	1004	0
848	850	230	1004	0
849	851	230	1004	0
850	852	230	1004	0
851	853	230	1004	0
852	854	230	1004	0
853	855	230	1004	0
854	856	231	1004	0
855	857	231	1004	0
856	858	231	1004	0
857	859	231	1004	0
858	860	231	1004	0
859	861	232	1004	0
860	862	232	1004	0
861	863	232	1004	0
862	864	232	1004	0
863	865	232	1004	0
864	866	234	1004	0
865	867	234	1004	0
866	868	234	1004	0
867	869	235	1004	0
868	870	236	1004	0
869	871	236	1004	0
870	872	236	1004	0
871	873	236	1004	0
872	874	236	1004	0
873	875	237	1004	0
874	876	237	1004	0
875	877	237	1004	0
876	878	237	1004	0
877	879	238	1004	0
878	880	238	1004	0
879	881	238	1004	0
880	882	238	1004	0
881	883	238	1004	0
882	884	238	1004	0
883	885	238	1004	0
884	886	238	1004	0
885	887	238	1004	0
886	888	239	1004	0
887	889	239	1004	0
888	890	239	1004	0
889	891	239	1004	0
890	892	239	1004	0
891	893	241	1004	0
892	894	241	1004	0
893	895	241	1004	0
894	896	242	1004	0
895	897	242	1004	0
896	898	242	1004	0
897	899	243	1004	0
898	900	243	1004	0
899	901	243	1004	0
900	902	244	1004	0
901	903	245	1004	0
902	904	245	1004	0
903	905	245	1004	0
904	906	245	1004	0
905	907	245	1004	0
906	908	245	1004	0
907	909	245	1004	0
908	910	245	1004	0
909	911	245	1004	0
910	912	245	1004	0
911	913	169	1004	0
912	914	169	1004	0
913	915	169	1004	0
914	916	169	1004	0
915	917	169	1004	0
916	918	169	1004	0
917	919	169	1004	0
918	920	169	1004	0
919	921	169	1004	0
920	922	169	1004	0
921	923	169	1004	0
922	924	169	1004	0
923	925	169	1004	0
924	926	169	1004	0
925	927	169	1004	0
926	928	169	1004	0
927	929	169	1004	0
928	930	169	1004	0
929	931	169	1004	0
930	932	169	1004	0
931	933	169	1004	0
932	934	169	1004	0
933	935	169	1004	0
934	936	169	1004	0
935	937	245	1004	0
936	938	245	1004	0
937	939	246	1004	0
938	940	246	1004	0
939	941	246	1004	0
940	942	246	1004	0
941	943	246	1004	0
942	944	246	1004	0
943	945	246	1004	0
944	946	246	1004	0
945	947	246	1004	0
946	948	246	1004	0
947	949	246	1004	0
948	950	246	1004	0
949	951	246	1004	0
950	952	246	1004	0
951	953	246	1004	0
952	954	246	1004	0
953	955	247	1004	0
954	956	247	1004	0
955	957	247	1004	0
956	958	247	1004	0
957	959	247	1004	0
958	960	248	1004	0
959	961	248	1004	0
960	962	248	1004	0
961	963	249	1004	0
962	964	249	1004	0
963	965	249	1004	0
964	966	249	1004	0
965	967	250	1004	0
967	969	250	1004	0
968	970	250	1004	0
969	971	251	1004	0
970	972	251	1004	0
971	973	252	1004	0
972	974	252	1004	0
973	975	252	1004	0
974	976	252	1004	0
975	977	252	1004	0
976	978	253	1004	0
977	979	253	1004	0
978	980	253	1004	0
979	981	253	1004	0
980	982	256	1004	0
981	983	256	1004	0
982	984	256	1004	0
983	985	256	1004	0
984	986	256	1004	0
985	987	256	1004	0
986	988	256	1004	0
987	989	256	1004	0
988	990	257	1004	0
989	991	257	1004	0
990	992	257	1004	0
991	993	257	1004	0
992	994	257	1004	0
993	995	257	1004	0
994	996	257	1004	0
995	997	257	1004	0
996	998	257	1004	0
997	999	146	1004	0
998	1000	146	1004	0
999	1001	146	1004	0
1000	1002	146	1004	0
1001	1003	146	1004	0
1002	1004	146	1004	0
1003	1005	146	1004	0
1004	1006	146	1004	0
1005	1007	146	1004	0
1006	1008	146	1004	0
1007	1009	87	1004	0
1008	1010	87	1004	0
1009	1011	87	1004	0
1010	1012	87	1004	0
1011	1013	145	1004	0
1013	1015	68	1004	0
1014	1016	68	1004	0
1015	1017	68	1004	0
1016	1018	68	1004	0
1017	1019	68	1004	0
1018	1020	68	1004	0
1019	1021	68	1004	0
1020	1022	68	1004	0
1021	1023	68	1004	0
1022	1024	68	1004	0
1023	1025	68	1004	0
1024	1026	68	1004	0
1025	1027	68	1004	0
1026	1028	68	1004	0
1027	1029	111	1004	0
1028	1030	254	1004	0
1032	1034	207	1004	0
1036	1038	38	1004	0
1037	1039	240	1004	0
1038	1040	198	1004	0
1039	1041	198	1004	0
1040	1042	198	1004	0
1041	1043	198	1004	0
1042	1044	198	1004	0
1043	1045	198	1004	0
1044	1046	198	1004	0
1045	1047	198	1004	0
1046	1048	198	1004	0
1047	1049	208	1004	0
1048	1050	208	1004	0
1049	1051	208	1004	0
1050	1052	208	1004	0
1053	1055	208	1004	0
1054	1056	208	1004	0
1055	1057	208	1004	0
1056	1058	208	1004	0
1057	1059	208	1004	0
1058	1060	208	1004	0
1059	1061	93	1004	0
1060	1062	130	1004	0
1061	1063	130	1004	0
1062	1064	130	1004	0
1063	1065	130	1004	0
1064	1066	130	1004	0
1065	1067	130	1004	0
1066	1068	155	1004	0
1067	1069	139	1004	0
1068	1070	104	1004	0
1069	1071	127	1004	0
1070	1072	127	1004	0
1071	1073	193	1004	0
1072	1074	193	1004	0
1073	1075	193	1004	0
1074	1076	232	1004	0
1075	1077	232	1004	0
1076	1078	232	1004	0
1077	1079	194	1004	0
1078	1080	194	1004	0
1079	1081	194	1004	0
1080	1082	194	1004	0
1081	1083	194	1004	0
1082	1084	194	1004	0
1083	1085	194	1004	0
1084	1086	194	1004	0
1085	1087	246	1004	0
1086	1088	246	1004	0
1087	1089	246	1004	0
1088	1090	154	1004	0
1089	1091	154	1004	0
1090	1092	154	1004	0
1091	1093	154	1004	0
1096	1098	220	1004	0
1097	1099	220	1004	0
1098	1100	220	1004	0
1099	1101	220	1004	0
1035	1037	207	1004	4
1033	1035	207	1004	4
1031	1033	207	1004	4
1051	1053	208	1004	4
1092	1094	220	1004	4
1095	1097	220	1004	4
1093	1095	220	1004	4
966	968	250	1004	4
1029	1031	207	1004	4
1034	1036	207	1004	4
1100	1102	220	1004	0
1101	1103	220	1004	0
1102	1104	220	1004	0
1103	1105	220	1004	0
1104	1106	220	1004	0
1105	1107	220	1004	0
1106	1108	220	1004	0
1107	1109	220	1004	0
1108	1110	220	1004	0
1109	1111	220	1004	0
1110	1112	220	1004	0
1112	1114	233	1004	0
1113	1115	233	1004	0
1114	1116	233	1004	0
1115	1117	233	1004	0
1116	1118	233	1004	0
1117	1119	233	1004	0
1118	1120	233	1004	0
1119	1121	233	1004	0
1120	1122	233	1004	0
1121	1123	233	1004	0
1122	1124	233	1004	0
1123	1125	233	1004	0
1124	1126	233	1004	0
1125	1127	52	1004	0
1126	1128	52	1004	0
1127	1129	52	1004	0
1128	1130	52	1004	0
1129	1131	52	1004	0
1130	1132	52	1004	0
1131	1133	148	1004	0
1132	1134	148	1004	0
1133	1135	148	1004	0
1134	1136	40	1004	0
1135	1137	196	1004	0
1136	1138	196	1004	0
1137	1139	196	1004	0
1138	1140	196	1004	0
1139	1141	196	1004	0
1140	1142	196	1004	0
1141	1143	229	1004	0
1142	1144	229	1004	0
1143	1145	229	1004	0
1144	1146	229	1004	0
1145	1147	253	1004	0
1146	1148	253	1004	0
1147	1149	253	1004	0
1148	1150	253	1004	0
1149	1151	253	1004	0
1150	1152	253	1004	0
1151	1153	253	1004	0
1152	1154	253	1004	0
1153	1155	253	1004	0
1154	1156	253	1004	0
1155	1157	253	1004	0
1156	1158	253	1004	0
1157	1159	253	1004	0
1158	1160	253	1004	0
1159	1161	253	1004	0
1160	1162	253	1004	0
1161	1163	253	1004	0
1162	1164	253	1004	0
1163	1165	253	1004	0
1164	1166	253	1004	0
1165	1167	253	1004	0
1166	1168	253	1004	0
1167	1169	253	1004	0
1168	1170	253	1004	0
1169	1171	253	1004	0
1170	1172	253	1004	0
1171	1173	253	1004	0
1172	1174	253	1004	0
1173	1175	253	1004	0
1174	1176	253	1004	0
1175	1177	253	1004	0
1176	1178	253	1004	0
1177	1179	253	1004	0
1178	1180	253	1004	0
1179	1181	253	1004	0
1180	1182	141	1004	0
1181	1183	151	1004	0
1182	1184	151	1004	0
1183	1185	151	1004	0
1184	1186	151	1004	0
1185	1187	151	1004	0
1186	1188	151	1004	0
1187	1189	151	1004	0
1188	1190	255	1004	0
1189	1191	80	1004	0
1190	1192	80	1004	0
1191	1193	88	1004	0
1192	1194	88	1004	0
1193	1195	88	1004	0
1194	1196	135	1004	0
1195	1197	135	1004	0
1198	1200	174	1004	0
1199	1201	181	1004	0
1200	1202	181	1004	0
1201	1203	181	1004	0
1202	1204	163	1004	0
1203	1205	246	1004	0
1204	1206	18	4	0
1205	1207	12	1	0
1206	1208	258	1004	0
439	441	148	1004	4
440	442	148	1004	4
1207	1209	18	4	0
1208	1210	18	4	0
1209	1211	18	4	0
1210	1212	18	4	0
1111	1113	233	1004	4
314	316	109	1004	4
1030	1032	207	1004	4
1052	1054	208	1004	4
686	688	198	1004	4
41	43	39	1004	4
1094	1096	220	1004	4
1012	1014	134	1004	4
1196	1198	135	1004	4
1197	1199	135	1004	4
1211	1213	208	1004	0
1212	1214	208	1004	0
1213	1215	68	1004	0
1214	1216	68	1004	0
1215	1217	68	1004	0
1216	1218	163	1004	4
1217	1219	163	1004	0
1218	1220	88	1004	0
1219	1221	88	1004	0
1220	1222	88	1004	0
1221	1223	151	1004	0
1222	1224	261	0	0
1223	1225	78	1004	0
1224	1226	78	1004	0
1225	1227	78	1004	0
1226	1228	142	1004	0
1227	1229	48	1004	0
\.


--
-- Data for Name: Documento; Type: TABLE DATA; Schema: public; Owner: postgres
--

COPY "Documento" ("Codigo", "Monto", "Tipo", "Observacion", "ProxGestion", "ConPago", "FechaEmision", "Accion", "NumDocumento", "Visible", "Derivado", "Remanente") FROM stdin;
14	9999999999999999999999	0	9999999999999999999	2014-06-27	2014-12-25	2014-03-19	2	999999999999	t	t	1
11	1234	0	corrección 20140514	2014-09-03	2014-12-25	2014-09-04	3	1	t	f	1
1	1000000	0	hgj	2014-03-11	2014-12-25	2014-03-11	7	00001	t	f	1
22	880000	0		2014-06-15	2014-12-25	2014-05-13	3	8870005-8	t	f	1
27	399999	0	x	2014-09-14	2014-12-25	2014-09-14	1	x	t	f	1
13	12	0	12	2014-06-12	2014-12-25	2014-03-19	2	00002222	t	f	1
19	123123123	0	tdgggt	2014-06-19	2014-12-25	2014-03-19	1	03030303030	t	f	1
5	1234444	0		2014-06-28	2014-12-25	2014-03-03	1	000032	t	f	1
4	1234444	0		2014-06-22	2014-12-25	2014-01-30	1	000032	t	f	1
7	12345	0		2014-06-28	2014-12-25	2014-02-27	1	00000004	t	t	1
10	s	0	s	2014-06-11	2014-12-25	2014-03-19	1	s	f	f	1
15	345000	0		2014-06-13	2014-12-25	2014-03-19	1	1	t	f	1
12	123	1	123	2014-06-18	2014-12-25	2014-03-19	1	1	t	f	1
3	12121	0		2014-06-28	2014-12-25	2014-05-19	3	000000000003	t	f	1
26	124020	2	Enviarle un correo electrónico	2014-06-19	2014-12-25	2014-05-13	2	124-02	t	t	1
25	124000	2	Visitar a su oficina nueva	2014-06-14	2014-12-25	2014-05-13	5	124-01	t	t	1
2	19902002	1	DOCUMENTO DERIVADO A CobroGestion Cod->1	2014-06-21	2014-12-25	2014-02-21	8	00002	t	f	1
8	10000	1	DOCUMENTO DERIVADO A CobroGestion Cod->-1	2014-06-19	2014-12-25	2014-01-21	1	0303456	t	f	1
17	10000	0	debe pagar	2014-06-27	2014-12-25	2014-03-19	1	00069	t	f	1
18	100000	0	Sacado de DICOM	2014-06-27	2014-12-25	2014-09-15	3	000000098	t	f	99400
21	10000	0	asdasd xxxzaa	2014-06-30	2014-12-25	2014-09-28	3	123123	t	f	5000
23	990000	1	asdx	2014-06-27	2014-12-25	2014-09-28	3	7793830-77	t	f	0
24	500000	0	asddsada	2014-06-13	2014-12-24	2014-09-15	5	00023	t	f	0
16	540000	1		2014-06-16	2014-12-15	2014-03-19	1	10	t	t	1
6	12345	0	asd	2014-06-02	2014-12-15	2014-09-15	7	666	f	f	7345
29	1200000	2	DEU	2014-10-31	2014-11-10	2014-10-14	3	11112	t	f	979544
28	4000000	0	deuda falabella	2014-10-22	2014-10-30	2014-10-14	1	11111	t	f	3100000
30	456767	0	llamar	2014-10-17	2014-10-21	2014-10-14	1	1234	t	f	0
31	100000	0	deuda	2014-10-15	2014-12-15	2014-10-14	1	1234	t	f	0
33	234	1		2014-10-15	2014-12-15	2014-10-14	1	123	t	f	0
35	64	0		2014-10-21	2038	2014-10-14	1	12325	f	f	0
34	34	0		2014-10-21	2038	2014-10-14	1	12323	f	f	0
36	1500000	0	deuda banco	2014-10-14	2038	2014-10-14	1	0303456	f	f	0
38	12	0		2014-10-16	2038	2014-10-14	1	1212112	f	f	0
37	12	0		2014-10-13	2038	2014-10-14	1	111	f	f	0
39	500000	3	deuda banco	2014-10-15	2014-11-13	2014-10-14	1	333333333	t	f	0
32	5000000	0	deuda	2014-10-18	2014-10-31	2014-10-14	1	1234	t	f	4890910
40	450000	0	Nueva deuda	2014-10-15	2014-11-15	2014-10-14	1	34234	t	f	0
41	760000	2	Nuevo deudor	2014-10-15	2014-10-06	2014-10-14	1	12321831	t	f	0
9	m	0	xccxcc	2014-06-27	2014-12-25	2014-10-19	2	m	f	f	1
771	635162	0	Factura con mora pendiente de pago. Dom analiza situacion de deudor	2014-11-27	2014-09-03	2014-08-04	1	52747	t	f	635162
774	163888	0	Factura con mora pendiente de pago. Dom analiza situacion de deudor	2014-11-27	2014-10-02	2014-09-02	1	53181	t	f	163888
1206	1201200	0	cientoveinte cientoveinte	2014-11-06	2014-12-12	2014-11-06	1	120120	t	f	0
777	4580546	0	facturas pendientes de pago. llamar jueves 04-12-14	2014-12-04	2014-11-01	2014-10-02	1	53508	t	f	4580546
236	148512	0	facturas publicadas en los boletines comercial por la mora de ellas.	2014-12-03	2014-10-31	2014-10-01	1	53371	t	f	148512
238	1818351	0	facturas publicadas en los boletines comercial por la mora de ellas.	2014-12-03	2014-10-31	2014-10-01	1	53372	t	f	1818351
262	21792	0	facturas publicadas en los boletines comercial por la mora de ellas.	2014-12-03	2014-10-01	2014-09-01	1	53054	t	f	21792
286	388952	0	facturas publicadas en los boletines comercial por la mora de ellas.	2014-12-03	2014-07-02	2014-06-02	1	52168	t	f	388952
289	2225074	0	facturas publicadas en los boletines comercial por la mora de ellas.	2014-12-03	2014-08-01	2014-07-02	1	52608	t	f	2225074
291	1734876	0	facturas publicadas en los boletines comercial por la mora de ellas.	2014-12-03	2014-09-05	2014-08-06	1	52988	t	f	1734876
294	438451	0	facturas publicadas en los boletines comercial por la mora de ellas.	2014-12-03	2014-10-01	2014-09-01	1	53130	t	f	438451
297	1538475	0	facturas publicadas en los boletines comercial por la mora de ellas.	2014-12-03	2014-11-02	2014-10-03	1	53528	t	f	1538475
307	159346	0	facturas publicadas en los boletines comercial por la mora de ellas.	2014-12-03	2014-05-03	2014-04-03	1	51679	t	f	159346
309	179804	4	facturas publicadas en los boletines comercial por la mora de ellas.	2014-12-03	2014-06-06	2014-05-07	1	1554	t	f	179804
312	190381	4	facturas publicadas en los boletines comercial por la mora de ellas.	2014-12-03	2014-09-05	2014-08-06	1	1586	t	f	190381
338	3330571	0	facturas publicadas en los boletines comercial por la mora de ellas.	2014-12-03	2014-10-02	2014-09-02	1	53216	t	f	3330571
348	918918	0	facturas publicadas en los boletines comercial por la mora de ellas.	2014-12-03	2014-05-03	2014-04-03	1	51639	t	f	844662
351	13277062	0	facturas publicadas en los boletines comercial por la mora de ellas.	2014-12-03	2014-09-05	2014-08-06	1	21748	t	f	13277062
353	178500	0	facturas publicadas en los boletines comercial por la mora de ellas.	2014-12-03	2014-10-04	2014-09-04	1	21768	t	f	178500
380	540760	0	facturas publicadas en los boletines comercial por la mora de ellas.	2014-12-03	2014-04-02	2014-03-03	1	51264	t	f	540760
383	145299	0	facturas publicadas en los boletines comercial por la mora de ellas.	2014-12-03	2014-07-04	2014-06-04	1	52342	t	f	145299
527	-556920	3	facturas publicadas en los boletines comercial por la mora de ellas.	2014-12-03	2014-03-06	2014-02-28	1	4278	t	f	-556920
597	43982	0	facturas publicadas en los boletines comercial por la mora de ellas.	2014-12-03	2014-06-05	2014-05-06	1	51983	t	f	43982
786	1326514	0	Factura con mora pendiente de pago. Dom analiza situacion de deudor	2014-11-27	2014-09-03	2014-08-04	1	52840	t	f	1326514
42	320000	1	Tomo el tema	2014-10-20	2015-01-20	2014-10-14	5	67895-1	t	f	200000
1207	1101100	0	cientodiez cientodiez	2014-11-07	2015-11-11	2014-11-06	1	110110	t	f	0
600	204985	0	facturas publicadas en los boletines comercial por la mora de ellas.	2014-12-03	2014-07-31	2014-07-01	1	52418	t	f	204985
602	400	0	facturas publicadas en los boletines comercial por la mora de ellas.	2014-12-03	2014-07-31	2014-07-01	1	52518	t	f	400
605	1169994	0	facturas publicadas en los boletines comercial por la mora de ellas.	2014-12-03	2014-10-31	2014-10-01	1	53367	t	f	1169994
658	778966	0	facturas publicadas en los boletines comercial por la mora de ellas.	2014-12-03	2014-07-03	2014-06-03	1	52246	t	f	778966
661	31321	0	facturas publicadas en los boletines comercial por la mora de ellas.	2014-12-03	2014-07-31	2014-07-01	1	52474	t	f	31321
663	38032	0	facturas publicadas en los boletines comercial por la mora de ellas.	2014-12-03	2014-09-03	2014-08-04	1	52811	t	f	38032
666	2894813	0	facturas publicadas en los boletines comercial por la mora de ellas.	2014-12-03	2014-11-01	2014-10-02	1	53416	t	f	2894813
670	2947291	0	facturas publicadas en los boletines comercial por la mora de ellas.	2014-12-03	2014-11-02	2014-10-03	1	53550	t	f	2947291
752	1064574	0	facturas publicadas en los boletines comercial por la mora de ellas.	2014-12-03	2014-08-01	2014-07-02	1	52593	t	f	1064574
829	3976896	0	facturas publicadas en los boletines comercial por la mora de ellas.	2014-12-03	2014-07-31	2014-07-01	1	52556	t	f	3976896
831	3976896	0	facturas publicadas en los boletines comercial por la mora de ellas.	2014-12-03	2014-10-02	2014-09-02	1	53258	t	f	3976896
834	3976896	0	facturas publicadas en los boletines comercial por la mora de ellas.	2014-12-03	2014-11-01	2014-10-02	1	53427	t	f	3976896
869	-27018	3	facturas publicadas en los boletines comercial por la mora de ellas.	2014-12-03	2014-09-01	2014-08-29	1	4357	t	f	-27018
1128	62308	0	facturas publicadas en los boletines comercial por la mora de ellas.	2014-12-03	2014-04-02	2014-03-03	1	51088	t	f	62308
1130	75660	0	facturas publicadas en los boletines comercial por la mora de ellas.	2014-12-03	2014-06-04	2014-05-05	1	51796	t	f	75660
1136	3023	0	facturas publicadas en los boletines comercial por la mora de ellas.	2014-12-03	2014-08-01	2014-07-02	1	52683	t	f	3023
789	1063870	0	Factura con mora pendiente de pago. Dom analiza situacion de deudor	2014-11-27	2014-10-02	2014-09-02	1	53245	t	f	1063870
792	831194	0	Factura con mora pendiente de pago. Dom analiza situacion de deudor	2014-11-27	2014-11-02	2014-10-03	1	53564	t	f	831194
795	17850	0	Factura con mora pendiente de pago. Dom analiza situacion de deudor	2014-11-27	2014-07-31	2014-07-01	1	52561	t	f	17850
798	1446915	0	Factura con mora pendiente de pago. Dom analiza situacion de deudor	2014-11-27	2014-09-28	2014-08-29	1	53032	t	f	1446915
801	3909070	0	Factura con mora pendiente de pago. Dom analiza situacion de deudor	2014-11-27	2014-11-02	2014-10-03	1	53561	t	f	3909070
843	600141	0	Factura con mora pendiente de pago. Dom analiza situacion de deudor	2014-11-27	2014-09-01	2014-08-02	1	52718	t	f	600141
848	714298	0	Factura con mora pendiente de pago. Dom analiza situacion de deudor	2014-11-27	2014-07-03	2014-06-03	1	52325	t	f	714298
851	142800	0	Factura con mora pendiente de pago. Dom analiza situacion de deudor	2014-11-27	2014-07-19	2014-06-19	1	52404	t	f	142800
853	3292997	0	Factura con mora pendiente de pago. Dom analiza situacion de deudor	2014-11-27	2014-09-03	2014-08-04	1	52833	t	f	3292997
999	87555	0	Factura con mora pendiente de pago. Dom analiza situacion de deudor	2014-11-27	2014-08-01	2014-07-02	1	52628	t	f	87555
1004	2024	0	Factura con mora pendiente de pago. Dom analiza situacion de deudor	2014-11-27	2014-09-03	2014-08-04	1	52761	t	f	2024
1007	17243	0	Factura con mora pendiente de pago. Dom analiza situacion de deudor	2014-11-27	2014-09-18	2014-08-19	1	53006	t	f	17243
1080	398074	0	Factura con mora pendiente de pago. Dom analiza situacion de deudor	2014-11-27	2014-10-01	2014-09-01	1	53036	t	f	398074
1083	332795	0	Factura con mora pendiente de pago. Dom analiza situacion de deudor	2014-11-27	2014-10-31	2014-10-01	1	53335	t	f	332795
1118	3248765	0	Factura con mora pendiente de pago. Dom analiza situacion de deudor	2014-11-27	2014-10-01	2014-09-01	1	53088	t	f	3248765
1121	657173	0	Factura con mora pendiente de pago. Dom analiza situacion de deudor	2014-11-27	2014-10-31	2014-10-01	1	53357	t	f	657173
1123	272802	0	Factura con mora pendiente de pago. Dom analiza situacion de deudor	2014-11-27	2014-10-31	2014-10-01	1	53360	t	f	272802
1126	3248765	0	Factura con mora pendiente de pago. Dom analiza situacion de deudor	2014-11-27	2014-10-31	2014-10-01	1	53363	t	f	3248765
1010	626822	0	Factura a la espera de V°B° para ser cancelada	2014-11-25	2014-10-01	2014-09-01	1	53043	t	f	626822
1063	3146430	0	Factura a la espera de V°B° para ser cancelada	2014-11-25	2014-09-03	2014-08-04	1	52775	t	f	3146430
1066	192701	0	Factura a la espera de V°B° para ser cancelada	2014-11-25	2014-10-31	2014-10-01	1	53330	t	f	192701
1075	709498	0	Factura a la espera de V°B° para ser cancelada	2014-11-25	2014-10-31	2014-10-01	1	53333	t	f	709498
879	2175011	0	Deudor indica que factura se encuentra en proceso de pago. solicita que nos comuniquemos nuevamente.	2014-11-26	2014-09-04	2014-08-05	1	52880	t	f	2175011
883	8458690	0	Deudor indica que factura se encuentra en proceso de pago. solicita que nos comuniquemos nuevamente.	2014-11-26	2014-10-01	2014-09-01	1	53103	t	f	8458690
186	8216290	0	Deudor con mora. Aun no tienen fecha de pago para las facturas. llamar nuevamente	2014-11-24	2014-11-02	2014-10-03	1	53569	t	f	8216290
872	12190	0	Deudor con facturas con mas de 30 dias de mora. se conversa con haydee para saber que medidas tomaran con el deudor. 	2014-11-24	2014-10-01	2014-09-01	1	53151	t	f	12190
441	212867	0	Vanessa Videl/ Reemplazo / encargada de pago aun no llega de su licencia. solicita nuevamente que enviemos mail. se le info que anteriormente se le envia mail y aun no tenemos respuesta.	2014-11-27	2014-10-01	2014-11-07	1	53162	t	f	212867
1051	1986216	0	factura cancelada segun informe de DOM S.A.	2014-11-26	2014-07-02	2014-06-02	5	52220	t	f	1986216
1058	38051	0	factura cancelada segun informe de DOM S.A.	2014-11-26	2014-10-01	2014-09-01	5	53072	t	f	38051
1053	773166	0	factura cancelada segun informe de DOM S.A.	2014-11-26	2014-08-01	2014-11-12	5	52639	t	f	773166
1208	255110	0	Factura a la espera de V°B° para ser cancelada	2014-11-25	2014-09-04	2014-11-06	1	52860	f	f	255110
138	422402	0	Carga masiva	2014-11-07	2013-05-02	2013-04-02	1	47686	f	f	422402
886	8458690	0	Deudor indica que factura se encuentra en proceso de pago. solicita que nos comuniquemos nuevamente.	2014-11-26	2014-11-01	2014-10-02	1	53476	t	f	8458690
391	3541940	0	Sebastian Moreno/ provee/ solo informa pago por Maestra, el resto de las factura aun se encuentran pendientes de pago.	2014-12-03	2014-08-01	2014-07-02	1	52619	t	f	3541940
393	772012	0	Sebastian Moreno/ provee/ solo informa pago por Maestra, el resto de las factura aun se encuentran pendientes de pago.	2014-12-03	2014-08-01	2014-07-02	1	52621	t	f	772012
395	196537	0	Sebastian Moreno/ provee/ solo informa pago por Maestra, el resto de las factura aun se encuentran pendientes de pago.	2014-12-03	2014-09-05	2014-08-06	1	52909	t	f	196537
397	4125507	0	Sebastian Moreno/ provee/ solo informa pago por Maestra, el resto de las factura aun se encuentran pendientes de pago.	2014-12-03	2014-09-28	2014-08-29	1	53023	t	f	4125507
399	175006	0	Sebastian Moreno/ provee/ solo informa pago por Maestra, el resto de las factura aun se encuentran pendientes de pago.	2014-12-03	2014-10-02	2014-09-02	1	53238	t	f	175006
401	180024	4	Sebastian Moreno/ provee/ solo informa pago por Maestra, el resto de las factura aun se encuentran pendientes de pago.	2014-12-03	2014-11-01	2014-10-02	1	1627	t	f	180024
403	62070	4	Sebastian Moreno/ provee/ solo informa pago por Maestra, el resto de las factura aun se encuentran pendientes de pago.	2014-12-03	2014-11-01	2014-10-02	1	1629	t	f	62070
875	10000052	0	Sebastian Moreno/ provee/ solo informa pago por Maestra, el resto de las factura aun se encuentran pendientes de pago.	2014-12-03	2014-09-28	2014-08-29	1	53026	t	f	10000052
877	137084	4	Sebastian Moreno/ provee/ solo informa pago por Maestra, el resto de las factura aun se encuentran pendientes de pago.	2014-12-03	2014-09-24	2014-09-24	1	1528	t	f	137084
903	3564	4	Se intentan reiterados contactos sin tener exito. atiende solo los dias jueves	2014-11-27	2014-03-07	2014-02-05	1	1532	t	f	3564
906	12945	0	Se intentan reiterados contactos sin tener exito. atiende solo los dias jueves	2014-11-27	2014-08-01	2014-07-02	1	52613	t	f	12945
908	823907	0	Se intentan reiterados contactos sin tener exito. atiende solo los dias jueves	2014-11-27	2014-08-01	2014-07-02	1	52612	t	f	823907
911	702501	0	Se intentan reiterados contactos sin tener exito. atiende solo los dias jueves	2014-11-27	2014-09-20	2014-08-21	1	53009	t	f	702501
937	347861	0	Se intentan reiterados contactos sin tener exito. atiende solo los dias jueves	2014-11-27	2014-09-20	2014-08-21	1	53011	t	f	347861
990	-500321	3	Atencion a proveedores los dias miercoles. Depto. pago proveedores indica que proxima nomina de pago 26-11-14	2014-11-25	2014-04-17	2014-04-17	1	4295	t	f	-500321
994	13456549	0	Atencion a proveedores los dias miercoles. Depto. pago proveedores indica que proxima nomina de pago 26-11-14	2014-11-25	2014-10-03	2014-09-03	1	53277	t	f	13456549
997	473739	0	Atencion a proveedores los dias miercoles. Depto. pago proveedores indica que proxima nomina de pago 26-11-14	2014-11-25	2014-11-02	2014-10-03	1	53591	t	f	473739
974	706796	0	Deudor con facturas con mas de 30 dias de mora. se conversa con haydee para saber que medidas tomaran con el deudor. 	2014-11-24	2014-10-01	2014-09-01	1	53123	t	f	706796
1220	430193	0		2014-12-04	2014-09-03	2014-12-04	1	52855	t	f	0
1221	4438	0		2014-12-11	2014-12-06	2014-12-04	1	251	t	f	0
744	1701581	0	Se intentan reiterados contactos con pago proveedores sin tener exito. llamar nuevamente para consultar por estado de factura	2014-11-26	2014-10-02	2014-09-02	1	53196	t	f	1701581
100	5671801	0	llamar para consultar por estado de factura	2014-12-05	2014-09-28	2014-08-29	1	53025	t	f	5671801
104	624939	4	llamar para consultar por estado de factura	2014-12-05	2014-11-01	2014-10-02	1	1625	t	f	624939
92	13353147	0	Factura publicada en el boletin comercial	2014-12-02	2014-10-01	2014-09-01	1	53141	t	f	13353147
107	-9411	3	Factura publicada en el boletin comercial	2014-12-02	2013-12-26	2013-12-26	1	4255	t	f	-1
110	3012623	0	Factura publicada en el boletin comercial	2014-12-02	2014-10-02	2014-09-02	1	53254	t	f	3012623
187	109832	4	Factura publicada en el boletin comercial	2014-12-02	2013-10-02	2013-10-02	1	1441	t	f	109832
196	66327	0	Factura publicada en el boletin comercial	2014-12-02	2014-09-03	2014-08-04	1	52844	t	f	66327
200	1075542	0	Factura publicada en el boletin comercial	2014-12-02	2014-10-02	2014-09-02	1	53214	t	f	1075542
252	777032	0	Factura publicada en el boletin comercial	2014-12-02	2014-10-02	2014-09-02	1	53207	t	f	777032
255	434375	0	Factura publicada en el boletin comercial	2014-12-02	2014-11-01	2014-10-02	1	53514	t	f	434375
387	607814	0	Factura publicada en el boletin comercial	2014-12-02	2014-09-05	2014-08-06	1	52977	t	f	607814
390	224518	0	Factura publicada en el boletin comercial	2014-12-02	2014-11-01	2014-10-02	1	53494	t	f	224518
426	21402	0	Factura publicada en el boletin comercial	2014-12-02	2014-11-02	2014-10-03	1	53559	t	f	21402
430	266405	0	Factura publicada en el boletin comercial	2014-12-02	2014-10-04	2014-09-04	1	21765	t	f	266405
479	19421	0	Factura publicada en el boletin comercial	2014-12-02	2014-11-01	2014-10-02	1	53500	t	f	19421
483	192078	0	Factura publicada en el boletin comercial	2014-12-02	2014-10-04	2014-09-04	1	21780	t	f	192078
487	197788	0	Factura publicada en el boletin comercial	2014-12-02	2014-11-05	2014-10-06	1	21798	t	f	197788
590	2185374	0	Factura publicada en el boletin comercial	2014-12-02	2014-08-31	2014-08-01	1	52716	t	f	2090912
594	733935	0	Factura publicada en el boletin comercial	2014-12-02	2014-11-01	2014-10-02	1	53525	t	f	733935
608	398026	0	Factura publicada en el boletin comercial	2014-12-02	2014-10-01	2014-09-01	1	53126	t	f	398026
612	456993	0	Factura publicada en el boletin comercial	2014-12-02	2014-11-01	2014-10-02	1	53454	t	f	456993
753	885955	0	Factura publicada en el boletin comercial	2014-12-02	2014-07-31	2014-07-01	1	52442	t	f	885955
757	4498888	0	Factura publicada en el boletin comercial	2014-12-02	2014-11-01	2014-10-02	1	53387	t	f	4498888
864	4524570	0	Factura publicada en el boletin comercial	2014-12-02	2014-10-03	2014-09-03	1	53285	t	f	4524570
73	577124	0	Factura cancelada en informe de Dom 	2014-12-04	2014-07-03	2014-06-03	5	52310	t	f	577124
87	3573497	0	Factura cancelada en informe de Dom 	2014-12-04	2014-07-31	2014-07-01	5	52419	t	f	2392123
157	220381	0	Factura cancelada en informe de Dom 	2014-12-04	2014-10-02	2014-09-02	5	53221	t	f	220381
204	2911347	0	Factura cancelada en informe de Dom 	2014-12-04	2014-09-28	2014-08-29	5	53029	t	f	2911347
231	434581	0	Factura cancelada en informe de Dom 	2014-12-04	2014-09-05	2014-08-06	5	52991	t	f	434581
232	299747	0	Factura cancelada en informe de Dom 	2014-12-04	2014-10-01	2014-09-01	5	53133	t	f	299747
233	219986	0	Factura cancelada en informe de Dom 	2014-12-04	2014-11-02	2014-10-03	5	53531	t	f	219986
270	283494	0	Factura cancelada en informe de Dom 	2014-12-04	2014-10-02	2014-09-02	5	53201	t	f	283494
276	35364	0	Factura cancelada en informe de Dom 	2014-12-04	2014-10-01	2014-09-01	5	53169	t	f	35364
302	2804302	0	Factura cancelada en informe de Dom 	2014-12-04	2014-10-02	2014-09-02	5	53200	t	f	2804302
341	1022109	0	Factura cancelada en informe de Dom 	2014-12-04	2014-10-02	2014-09-02	5	53148	t	f	1022109
369	9756658	0	Factura cancelada en informe de Dom 	2014-12-04	2014-11-01	2014-10-02	5	53446	t	f	9756658
376	418647	0	Factura cancelada en informe de Dom 	2014-12-04	2014-10-01	2014-09-01	5	53173	t	f	418647
409	220233	0	Factura cancelada en informe de Dom 	2014-12-04	2014-11-01	2014-10-02	5	53469	t	f	220233
416	3963162	0	Factura cancelada en informe de Dom 	2014-12-04	2014-09-05	2014-08-06	5	21741	t	f	3963162
443	57332	0	Factura cancelada en informe de Dom 	2014-12-04	2014-09-03	2014-08-04	5	52828	t	f	57332
477	1435533	0	Factura cancelada en informe de Dom 	2014-12-04	2014-10-01	2014-09-01	5	53119	t	f	1435533
528	44564	0	Factura cancelada en informe de Dom 	2014-12-04	2014-09-05	2014-08-06	5	52954	t	f	44563
535	335699	0	Factura cancelada en informe de Dom 	2014-12-04	2014-11-02	2014-10-03	5	53551	t	f	335699
617	74852	0	Factura cancelada en informe de Dom 	2014-12-04	2014-10-02	2014-09-02	5	53184	t	f	74852
625	4099607	0	Factura cancelada en informe de Dom 	2014-12-04	2014-10-09	2014-09-09	5	53296	t	f	4099607
634	106447	0	Factura cancelada en informe de Dom 	2014-12-04	2014-10-01	2014-09-01	5	53101	t	f	106447
639	6825383	0	Factura cancelada en informe de Dom 	2014-12-04	2014-10-01	2014-09-01	5	53114	t	f	6825383
648	1851538	0	Factura cancelada en informe de Dom 	2014-12-04	2014-07-03	2014-06-03	5	52237	t	f	1851538
686	1188096	0	Factura cancelada en informe de Dom 	2014-12-04	2014-11-05	2014-10-06	5	21782	t	f	1188096
736	282626	0	Factura cancelada en informe de Dom 	2014-12-04	2014-06-04	2014-05-05	5	51886	t	f	282626
750	4777587	0	Factura cancelada en informe de Dom 	2014-12-04	2014-11-01	2014-10-02	5	53386	t	f	4777587
761	3064768	0	Factura cancelada en informe de Dom 	2014-12-04	2014-10-04	2014-09-04	5	21766	t	f	3064768
766	822573	0	Factura cancelada en informe de Dom 	2014-12-04	2014-11-01	2014-10-02	5	53459	t	f	822573
806	2466802	0	Factura cancelada en informe de Dom 	2014-12-04	2014-08-24	2014-07-25	5	52709	t	f	2466802
811	2572268	0	Factura cancelada en informe de Dom 	2014-12-04	2014-10-01	2014-09-01	5	53065	t	f	2572268
518	233561	0	Factura Documentada segun informe de DOM S.A.	2014-12-09	2014-10-02	2014-09-02	1	53209	t	f	233561
1222	85336	0		2014-12-11	2014-12-21	2014-12-04	1	316	t	f	0
1210	1401400	0	cientocuarenta	2014-11-07	2015-01-14	2014-11-07	1	140140	t	t	0
1209	1301300	0	cientotreinta	2014-11-07	2014-01-13	2014-11-07	1	130130	t	f	0
815	46312	0	Factura cancelada en informe de Dom 	2014-12-04	2014-08-01	2014-07-02	5	52604	t	f	46312
820	757322	0	Factura cancelada en informe de Dom 	2014-12-04	2014-09-05	2014-08-06	5	52986	t	f	757322
836	4917956	0	Factura cancelada en informe de Dom 	2014-12-04	2014-09-05	2014-08-06	5	21752	t	f	4917956
840	4888007	0	Factura cancelada en informe de Dom 	2014-12-04	2014-11-05	2014-10-06	5	21792	t	f	4888007
1070	955535	0	Via mail se le informa a Danny Ruiz (Gerente General) que debe cancelar lo antes posible el total de la factura. No es posible hacer descuentos por la mora del documento.	2014-12-01	2014-05-28	2014-11-25	1	51742	t	f	955535
1223	1850664	0	factura cuenta con un abono de $216.600.-	2014-12-11	2014-10-31	2014-12-09	1	53351	t	f	0
965	83300	0	llamar para consultar estado de facturas	2014-11-21	2014-10-01	2014-09-01	1	53158	t	f	83300
984	802893	0	llamar para consultar estado de facturas	2014-11-21	2014-10-01	2014-09-01	1	53153	t	f	802893
988	5512806	0	llamar para consultar estado de facturas	2014-11-21	2014-11-02	2014-10-03	1	53537	t	f	5512806
170	57166	4	Atencion Proveedores los dias viernes. factura con retraso en su pago.	2014-11-21	2013-10-02	2013-10-02	1	1444	t	f	57166
1211	1501500	0	Repactar la deudaaaa	2014-11-20	2015-01-15	2014-11-07	6	150150	t	f	1501500
1212	1601600	0	Repactar la deudaaaa	2014-11-12	2015-01-16	2014-11-07	5	160160	t	f	1601600
889	6689899	0	Atencion Proveedores los dias viernes. factura con retraso en su pago.	2014-11-21	2014-09-03	2014-08-04	1	52750	t	f	6689899
892	10923400	0	Atencion Proveedores los dias viernes. factura con retraso en su pago.	2014-11-21	2014-11-01	2014-10-02	1	53449	t	f	10923400
993	12414073	0	Atencion a proveedores los dias miercoles. Depto. pago proveedores indica que proxima nomina de pago 26-11-14	2014-11-25	2014-10-03	2014-09-03	1	53276	t	f	12414073
166	23284	0	Factura en proceso de pago. llamar nuevamente a deudor para consultar fecha de pago.	2014-11-25	2014-11-01	2014-10-02	1	53506	t	f	23284
621	510311	0	Factura en proceso de pago. llamar nuevamente a deudor para consultar fecha de pago.	2014-11-25	2014-11-01	2014-10-02	1	53403	t	f	510311
623	77433	0	Factura en proceso de pago. llamar nuevamente a deudor para consultar fecha de pago.	2014-11-25	2014-11-01	2014-10-02	1	53426	t	f	77433
724	213053	0	Factura en proceso de pago. llamar nuevamente a deudor para consultar fecha de pago.	2014-11-25	2014-09-03	2014-08-04	1	52816	t	f	213053
727	180285	0	Factura en proceso de pago. llamar nuevamente a deudor para consultar fecha de pago.	2014-11-25	2014-11-01	2014-10-02	1	53509	t	f	180285
730	476981	0	Factura en proceso de pago. llamar nuevamente a deudor para consultar fecha de pago.	2014-11-25	2014-11-01	2014-10-02	1	53512	t	f	476981
1146	2885993	0	Factura cancelada segun informe de DOM S.A.	2014-11-25	2014-10-31	2014-10-01	5	53342	t	f	2885993
1224	53550	0		2014-12-18	2014-12-03	2014-12-18	1	36	t	f	0
1226	700252	0		2014-12-18	2014-12-03	2014-12-18	1	37	t	f	0
79	2570110	0	Luis/ informa que tuvo problemas de flujo y cancelara a fin de mes. llamar nuevamente	2014-11-28	2014-10-01	2014-09-01	1	53164	t	f	2570107
81	2053069	0	Luis/ informa que tuvo problemas de flujo y cancelara a fin de mes. llamar nuevamente	2014-11-28	2014-10-01	2014-09-01	1	53166	t	f	2053069
84	1938548	0	Luis/ informa que tuvo problemas de flujo y cancelara a fin de mes. llamar nuevamente	2014-11-28	2014-11-01	2014-10-02	1	53475	t	f	1938548
318	4536443	0	Factura cancelada en informe de Dom 	2014-12-04	2014-10-02	2014-09-02	5	53180	t	f	4536443
1014	416917	0	Factura Cancelada con deposito a la Cta. Cte de Dom el dia 11-11-14	2014-11-25	2014-09-03	2014-11-20	1	52764	t	f	416917
435	39865	0	Deudor indica que no saco pago esta semana, solicita que llamemos dentro del 26-11-14 para consultar por estado de factura	2014-11-25	2014-10-03	2014-09-03	1	53291	t	f	39865
437	1253472	0	Deudor indica que no saco pago esta semana, solicita que llamemos dentro del 26-11-14 para consultar por estado de factura	2014-11-25	2014-11-01	2014-10-02	1	53378	t	f	1253472
439	458359	0	Deudor indica que no saco pago esta semana, solicita que llamemos dentro del 26-11-14 para consultar por estado de factura	2014-11-25	2014-11-01	2014-10-02	1	53380	t	f	458359
941	370371	4	Deudor indica que no saco pago esta semana, solicita que llamemos dentro del 26-11-14 para consultar por estado de factura	2014-11-25	2014-09-05	2014-08-06	1	1593	t	f	370371
945	545715	4	Deudor indica que no saco pago esta semana, solicita que llamemos dentro del 26-11-14 para consultar por estado de factura	2014-11-25	2014-10-03	2014-09-03	1	1608	t	f	545715
948	565205	4	Deudor indica que no saco pago esta semana, solicita que llamemos dentro del 26-11-14 para consultar por estado de factura	2014-11-25	2014-11-01	2014-10-02	1	1620	t	f	565205
954	618419	0	Deudor indica que no saco pago esta semana, solicita que llamemos dentro del 26-11-14 para consultar por estado de factura	2014-11-25	2014-11-05	2014-10-06	1	21790	t	f	618419
1089	619574	0	Deudor indica que no saco pago esta semana, solicita que llamemos dentro del 26-11-14 para consultar por estado de factura	2014-11-25	2014-10-31	2014-10-01	1	53315	t	f	619574
856	653250	0	Deudor indica que factura se encuentra en proceso de pago. solicita que nos comuniquemos nuevamente.	2014-11-26	2014-09-04	2014-08-05	1	52876	t	f	653250
858	111384	0	Deudor indica que factura se encuentra en proceso de pago. solicita que nos comuniquemos nuevamente.	2014-11-26	2014-10-01	2014-09-01	1	53069	t	f	111384
860	2429372	0	Deudor indica que factura se encuentra en proceso de pago. solicita que nos comuniquemos nuevamente.	2014-11-26	2014-11-01	2014-10-02	1	53396	t	f	2429372
880	8458690	0	Deudor indica que factura se encuentra en proceso de pago. solicita que nos comuniquemos nuevamente.	2014-11-26	2014-09-04	2014-08-05	1	52881	t	f	8458690
885	2936282	0	Deudor indica que factura se encuentra en proceso de pago. solicita que nos comuniquemos nuevamente.	2014-11-26	2014-11-01	2014-10-02	1	53398	t	f	2936282
134	30434	0	Deudor con mora. Aun no tienen fecha de pago para las facturas. llamar nuevamente	2014-11-24	2014-11-01	2014-10-02	1	53399	t	f	30434
167	136244	4	Deudor con mora. Aun no tienen fecha de pago para las facturas. llamar nuevamente	2014-11-24	2013-10-02	2013-10-02	1	1437	t	f	136244
183	6633043	0	Deudor con mora. Aun no tienen fecha de pago para las facturas. llamar nuevamente	2014-11-24	2014-10-02	2014-09-02	1	53252	t	f	6633043
184	1157644	0	Deudor con mora. Aun no tienen fecha de pago para las facturas. llamar nuevamente	2014-11-24	2014-10-02	2014-09-02	1	53253	t	f	1157644
212	1025185	0	Deudor con mora. Aun no tienen fecha de pago para las facturas. llamar nuevamente	2014-11-24	2014-11-01	2014-10-02	1	53519	t	f	1025185
215	604149	0	Deudor con mora. Aun no tienen fecha de pago para las facturas. llamar nuevamente	2014-11-24	2014-11-01	2014-10-02	1	53375	t	f	604149
221	355660	0	Deudor con mora. Aun no tienen fecha de pago para las facturas. llamar nuevamente	2014-11-24	2014-10-02	2014-09-02	1	53244	t	f	355660
265	1054829	0	Deudor con mora. Aun no tienen fecha de pago para las facturas. llamar nuevamente	2014-11-24	2014-11-01	2014-10-02	1	53466	t	f	1054829
272	108903	0	Deudor con mora. Aun no tienen fecha de pago para las facturas. llamar nuevamente	2014-11-24	2014-11-01	2014-10-02	1	53489	t	f	108903
279	7697135	0	Deudor con mora. Aun no tienen fecha de pago para las facturas. llamar nuevamente	2014-11-24	2014-11-01	2014-10-02	1	53481	t	f	7697135
522	160055	0	Deudor con mora. Aun no tienen fecha de pago para las facturas. llamar nuevamente	2014-11-24	2014-11-01	2014-10-02	1	53501	t	f	160055
524	117810	0	Deudor con mora. Aun no tienen fecha de pago para las facturas. llamar nuevamente	2014-11-24	2014-11-01	2014-10-02	1	53503	t	f	117810
357	28560	0	Facturas en su proceso normal de pago	2014-11-27	2014-11-05	2014-10-06	1	21789	t	f	28560
413	5594190	0	Facturas en su proceso normal de pago	2014-11-27	2014-11-01	2014-10-02	1	53448	t	f	5594190
741	380608	0	Facturas en su proceso normal de pago	2014-11-27	2014-11-02	2014-10-03	1	53577	t	f	380608
1225	53550	0		2014-12-18	2014-12-03	2014-12-18	1	36	t	f	0
316	336270	0	Factura cancelada segun informe de DOM S.A.	2014-11-25	2014-09-03	2014-11-11	5	52743	t	f	336270
361	2407694	0	Factura en proceso de cobranza judicial	2015-01-29	2013-07-05	2013-06-05	8	48347	t	f	2407694
363	647498	4	Factura en proceso de cobranza judicial	2015-01-29	2013-09-04	2013-08-05	8	1389	t	f	647498
913	76331	0	Facturas canceladas	2014-11-26	2013-10-12	2013-09-12	5	21486	t	f	76331
922	1029826	0	Facturas canceladas	2014-11-26	2013-12-04	2013-11-04	5	21542	t	f	1029826
932	4507406	4	Facturas canceladas	2014-11-26	2014-02-05	2014-01-06	5	445	t	f	4507406
1030	43911	0	se intentan reiterados contactos al celular del deudor sin tener exito.	2014-11-24	2014-04-23	2014-11-17	1	51368	t	f	43911
174	4173597	4	Factura en proceso judicial	2014-12-03	2014-07-31	2014-07-01	8	1578	t	f	4173597
180	755873	4	Factura en proceso judicial	2014-12-03	2014-11-01	2014-10-02	8	1623	t	f	755873
1077	248246	0	Factura cancelada segun informe de DOM S.A.	2014-11-25	2014-08-01	2014-07-02	5	52648	t	f	248246
846	43316	0	Luis Silva/ informa que tiene problemas con esa facturas y se esta conversando directamente con DOM S.A. Solicitar informacion a Haydee	2014-11-26	2014-10-01	2014-09-01	1	53163	t	f	43316
43	174330	0	Factura cancelada segun informe de DOM S.A.	2014-11-25	2014-10-02	2014-11-17	5	53144	t	f	174330
1113	539780	0	Factura a la espera de V°B° para ser cancelada	2014-11-25	2014-10-01	2014-11-11	1	53083	t	f	539780
317	1406451	0	Factura cancelada segun informe de DOM S.A.	2014-11-25	2014-09-03	2014-11-11	5	52744	t	f	1406451
1071	229242	0	Factura cancelada segun informe de DOM S.A.	2014-11-25	2014-10-01	2014-09-01	5	53075	t	f	229242
1038	24466	0	Factura cancelada segun informe de DOM S.A.	2014-11-25	2014-09-04	2014-08-05	5	52862	t	f	24466
52	203252	0	Factura en proceso de cobranza judicial por parte del cliente	2014-12-04	2012-11-02	2012-10-03	8	45563	t	f	203252
55	217770	0	Factura en proceso de cobranza judicial por parte del cliente	2014-12-04	2013-02-03	2013-01-04	8	46613	t	f	217770
59	246806	4	Factura en proceso de cobranza judicial por parte del cliente	2014-12-04	2013-06-06	2013-05-07	8	1317	t	f	246806
210	24990	0	Factura en proceso de pago. llamar nuevamente a deudor para consultar fecha de pago.	2014-11-25	2014-11-01	2014-10-02	1	53486	t	f	24990
622	174038	0	Factura en proceso de pago. llamar nuevamente a deudor para consultar fecha de pago.	2014-11-25	2014-11-01	2014-10-02	1	53425	t	f	174038
725	114269	0	Factura en proceso de pago. llamar nuevamente a deudor para consultar fecha de pago.	2014-11-25	2014-10-02	2014-09-02	1	53193	t	f	114269
537	546949	0	Deudor con facturas con mas de 30 dias de mora. se conversa con haydee para saber que medidas tomaran con el deudor. 	2014-11-24	2014-10-01	2014-09-01	1	53068	t	f	546949
723	51406	4	Deudor con facturas con mas de 30 dias de mora. se conversa con haydee para saber que medidas tomaran con el deudor. 	2014-11-24	2013-10-02	2013-10-02	1	1436	t	f	51406
874	27489	0	Deudor con facturas con mas de 30 dias de mora. se conversa con haydee para saber que medidas tomaran con el deudor. 	2014-11-24	2014-11-02	2014-10-03	1	53533	t	f	27489
870	49266	0	Deudor con facturas con mas de 30 dias de mora. se conversa con haydee para saber que medidas tomaran con el deudor. 	2014-11-24	2014-05-15	2014-04-15	1	51721	t	f	49266
897	512128	0	Deudor con facturas con mas de 30 dias de mora. se conversa con haydee para saber que medidas tomaran con el deudor. 	2014-11-24	2014-10-02	2014-09-02	1	53223	t	f	512128
959	2966916	0	Deudor con facturas con mas de 30 dias de mora. se conversa con haydee para saber que medidas tomaran con el deudor. 	2014-11-24	2014-11-01	2014-10-02	1	53523	t	f	2966916
957	759954	0	Deudor con facturas con mas de 30 dias de mora. se conversa con haydee para saber que medidas tomaran con el deudor. 	2014-11-24	2014-10-02	2014-09-02	1	53222	t	f	759954
62	232288	4	Factura en proceso de cobranza judicial por parte del cliente	2014-12-04	2013-09-01	2013-08-02	8	1385	t	f	232288
66	44625	4	Factura en proceso de cobranza judicial por parte del cliente	2014-12-04	2013-12-31	2013-12-01	8	1475	t	f	44625
1090	374136	0	facturas canceladas con cheques de respaldo que envio el cliente por mail.	2015-01-15	2014-08-01	2014-11-21	5	52654	t	f	374136
1092	349194	0	facturas canceladas con cheques de respaldo que envio el cliente por mail.	2015-01-15	2014-10-01	2014-11-21	5	53082	t	f	349194
1093	374136	0	facturas canceladas con cheques de respaldo que envio el cliente por mail.	2015-01-15	2014-10-31	2014-11-21	5	53339	t	f	374136
1032	2284050	0	Factura a la espera de V°B° para ser cancelada	2014-11-25	2014-08-01	2014-11-12	1	52638	t	f	2284050
955	1532256	0	Deudor con facturas con mas de 30 dias de mora. se conversa con haydee para saber que medidas tomaran con el deudor. 	2014-11-24	2014-09-03	2014-08-04	1	52823	t	f	1532256
961	2880506	0	Deudor con facturas con mas de 30 dias de mora. se conversa con haydee para saber que medidas tomaran con el deudor. 	2014-11-24	2014-10-02	2014-09-02	1	53146	t	f	2880506
972	80581	0	Deudor con facturas con mas de 30 dias de mora. se conversa con haydee para saber que medidas tomaran con el deudor. 	2014-11-24	2014-10-02	2014-09-02	1	53261	t	f	80581
977	4139070	0	Deudor con facturas con mas de 30 dias de mora. se conversa con haydee para saber que medidas tomaran con el deudor. 	2014-11-24	2014-11-01	2014-10-02	1	53464	t	f	4139070
973	2859902	0	Deudor con facturas con mas de 30 dias de mora. se conversa con haydee para saber que medidas tomaran con el deudor. 	2014-11-24	2014-09-04	2014-08-05	1	52896	t	f	2859902
1031	690724	0	factura cancelada segun informes de DOM S.A.	2014-11-25	2014-08-01	2014-11-25	1	52637	t	f	690724
1036	690724	0	factura cancelada segun informes de DOM S.A.	2014-11-25	2014-10-31	2014-11-25	1	53326	t	f	690724
1227	163809	0		2014-12-18	2014-12-26	2014-12-18	1	320	t	f	0
688	512904	0	se llamo a gonzalo paredes y no hay respuesta, se consultara nuevamente el dia jueves 12/02	2015-02-12	2014-04-04	2014-11-13	1	51330	t	f	512904
128	4885863	0	Factura en proceso de pago. Deudor solicita que nos comuniquemos nuevamente	2014-11-26	2014-11-02	2014-10-03	1	53578	t	f	4885863
78	75896	0	Facturas Documentadas. Confirmar informacion con Haydee	2014-11-26	2014-11-01	2014-10-02	1	53453	t	f	75896
241	908609	4	Karen Gallegos/ Pago Proveedores/ indica que factura se encuentra en proceso de pago. llamar nuevamente	2014-11-27	2014-07-03	2014-06-03	1	1566	t	f	908609
242	819904	4	Karen Gallegos/ Pago Proveedores/ indica que factura se encuentra en proceso de pago. llamar nuevamente	2014-11-27	2014-07-03	2014-06-03	1	1567	t	f	819904
245	7562195	0	Karen Gallegos/ Pago Proveedores/ indica que factura se encuentra en proceso de pago. llamar nuevamente	2014-11-27	2014-10-01	2014-09-01	1	53175	t	f	7562195
247	756714	0	Karen Gallegos/ Pago Proveedores/ indica que factura se encuentra en proceso de pago. llamar nuevamente	2014-11-27	2014-10-01	2014-09-01	1	53177	t	f	756714
249	1675581	0	Karen Gallegos/ Pago Proveedores/ indica que factura se encuentra en proceso de pago. llamar nuevamente	2014-11-27	2014-11-01	2014-10-02	1	53479	t	f	1675581
1000	201290	0	Factura con mora pendiente de pago. Dom analiza situacion de deudor	2014-11-27	2014-08-01	2014-07-02	1	52629	t	f	201290
1078	430399	0	Factura cancelada segun informe de DOM S.A.	2014-11-25	2014-09-03	2014-08-04	5	52778	t	f	430399
440	294739	0	Vanessa Videl/ Reemplazo / encargada de pago aun no llega de su licencia. solicita nuevamente que enviemos mail. se le info que anteriormente se le envia mail y aun no tenemos respuesta.	2014-11-27	2014-09-05	2014-11-25	1	52956	t	f	294739
970	6105	0	Se le solicita reporte de portal proveedores a Haydee para consultar por estado. Portal indica que factura se encuentra en proceso de pago.	2014-11-27	2014-11-01	2014-10-02	1	53492	t	f	6105
1213	3571809	0	Se intentan reiterados contactos con pago proveedores sin tener exito. llamar nuevamente para consultar por estado de factura	2014-11-26	2014-11-26	2014-11-25	1	53658	t	f	0
126	991571	0	Factura cancelada segun informe de DOM S.A.	2014-12-05	2014-10-01	2014-09-01	5	53052	t	f	991571
698	5621571	0	se llamo a gonzalo paredes y no hay respuesta, se consultara nuevamente el dia jueves 12/02	2015-02-12	2014-09-27	2014-08-28	1	53019	t	f	5621571
1046	1149509	0	se llamo a gonzalo paredes y no hay respuesta, se consultara nuevamente el dia jueves 12/02	2015-02-12	2014-06-04	2014-05-05	1	51867	t	f	1149509
1133	76969	0	Vanessa Videl/ Reemplazo / encargada de pago aun no llega de su licencia. solicita nuevamente que enviemos mail. se le info que anteriormente se le envia mail y aun no tenemos respuesta.	2014-11-27	2014-09-03	2014-08-04	1	52791	t	f	76969
1135	69972	0	Vanessa Videl/ Reemplazo / encargada de pago aun no llega de su licencia. solicita nuevamente que enviemos mail. se le info que anteriormente se le envia mail y aun no tenemos respuesta.	2014-11-27	2014-10-31	2014-10-01	1	53340	t	f	69972
442	253803	0	Vanessa Videl/ Reemplazo / encargada de pago aun no llega de su licencia. solicita nuevamente que enviemos mail. se le info que anteriormente se le envia mail y aun no tenemos respuesta.	2014-11-27	2014-11-01	2014-11-07	1	53471	t	f	253803
967	338167	0	Se le solicita reporte de portal proveedores a Haydee para consultar por estado. Portal indica que factura se encuentra en proceso de pago.	2014-11-27	2014-07-31	2014-11-25	1	52545	t	f	338167
44	1052357	0	Factura Documentada a la espera que se rebaje de los sistemas de DOM S.A.	2014-12-03	2014-11-01	2014-11-26	1	53439	t	f	1052357
1228	12763253	0	Factura con mora de mas de 30 días. Se intentan reiterados contactos sin tener éxito.	2015-01-29	2014-12-06	2015-01-29	1	7	t	f	0
542	14827	0	Factura publicada en informes comerciales y en proceso judicial	2014-12-02	2013-09-08	2013-08-09	8	49202	t	f	14825
544	51170	0	Factura publicada en informes comerciales y en proceso judicial	2014-12-02	2013-09-19	2013-08-20	8	49226	t	f	51170
547	28959	0	Factura publicada en informes comerciales y en proceso judicial	2014-12-02	2013-11-02	2013-10-03	8	49792	t	f	28959
550	2292191	0	Factura publicada en informes comerciales y en proceso judicial	2014-12-02	2014-01-02	2013-12-03	8	50289	t	f	2292191
553	1299666	0	Factura publicada en informes comerciales y en proceso judicial	2014-12-02	2014-03-06	2014-02-04	8	50900	t	f	1299666
556	3833850	0	Factura publicada en informes comerciales y en proceso judicial	2014-12-02	2014-05-03	2014-04-03	8	51633	t	f	1331202
559	7689980	0	Factura publicada en informes comerciales y en proceso judicial	2014-12-02	2014-06-08	2014-05-09	8	52047	t	f	2929980
562	16660	0	Factura publicada en informes comerciales y en proceso judicial	2014-12-02	2014-07-03	2014-06-03	8	52291	t	f	16660
565	589011	4	Factura publicada en informes comerciales y en proceso judicial	2014-12-02	2014-07-31	2014-07-01	8	1574	t	f	589011
568	7744158	0	Factura publicada en informes comerciales y en proceso judicial	2014-12-02	2014-09-05	2014-08-06	8	52980	t	f	7744158
569	20420	0	Factura publicada en informes comerciales y en proceso judicial	2014-12-02	2014-09-05	2014-08-06	8	52981	t	f	20420
571	710144	0	Factura publicada en informes comerciales y en proceso judicial	2014-12-02	2014-09-05	2014-08-06	8	52983	t	f	710144
574	138054	0	Factura publicada en informes comerciales y en proceso judicial	2014-12-02	2014-09-28	2014-08-29	8	53030	t	f	138054
577	10025	0	Factura publicada en informes comerciales y en proceso judicial	2014-12-02	2014-10-02	2014-09-02	8	53212	t	f	10025
580	350556	0	Factura publicada en informes comerciales y en proceso judicial	2014-12-02	2014-10-24	2014-09-24	8	53302	t	f	350556
583	3405800	0	Factura publicada en informes comerciales y en proceso judicial	2014-12-02	2014-11-02	2014-10-03	8	53541	t	f	3405800
586	1164444	0	Factura publicada en informes comerciales y en proceso judicial	2014-12-02	2014-11-02	2014-10-03	8	53544	t	f	1164444
589	938056	0	Factura publicada en informes comerciales y en proceso judicial	2014-12-02	2014-11-02	2014-10-03	8	53547	t	f	938056
980	3333712	0	Sebastian Moreno/ pago provee/ comenta via mail que el pago esta disponible con cheque a fecha para retiro el dia 21-11-14. confirmar con haydee para que fecha son los documentos de pagos	2014-11-24	2014-11-01	2014-10-02	1	53482	t	f	3333712
981	191780	0	Sebastian Moreno/ pago provee/ comenta via mail que el pago esta disponible con cheque a fecha para retiro el dia 21-11-14. confirmar con haydee para que fecha son los documentos de pagos	2014-11-24	2014-11-01	2014-10-02	1	53483	t	f	191780
1154	373533	0	Factura documentada	2014-11-28	2014-08-01	2014-07-02	1	52672	t	f	373533
1163	194989	0	Factura documentada	2014-11-28	2014-10-01	2014-09-01	1	53093	t	f	194989
866	1497	0	facturas publicadas en los boletines comercial por la mora de ellas.	2014-12-03	2014-06-04	2014-05-05	1	51916	t	f	1497
1214	698708	0	Se intentan reiterados contactos con pago proveedores sin tener exito. llamar nuevamente para consultar por estado de factura	2014-11-26	2014-12-04	2014-11-25	1	108	t	f	0
1229	1580607	0		2015-02-16	2014-12-04	2015-02-16	1	129	t	f	0
709	1549356	0	Facturas publicada en el boletin comercial, a la espera de instrucciones de Dom 	2014-12-03	2014-07-31	2014-07-01	1	52454	t	f	1549356
711	63974	0	Facturas publicada en el boletin comercial, a la espera de instrucciones de Dom 	2014-12-03	2014-07-31	2014-07-01	1	52456	t	f	63974
713	249900	0	Facturas publicada en el boletin comercial, a la espera de instrucciones de Dom 	2014-12-03	2014-09-03	2014-08-04	1	52807	t	f	249900
716	1428000	0	Facturas publicada en el boletin comercial, a la espera de instrucciones de Dom 	2014-12-03	2014-09-19	2014-08-20	1	53008	t	f	1428000
718	68544	0	Facturas publicada en el boletin comercial, a la espera de instrucciones de Dom 	2014-12-03	2014-10-03	2014-09-03	1	53263	t	f	68544
719	9785070	0	Facturas publicada en el boletin comercial, a la espera de instrucciones de Dom 	2014-12-03	2014-10-03	2014-09-03	1	53264	t	f	9785070
720	9785070	0	Facturas publicada en el boletin comercial, a la espera de instrucciones de Dom 	2014-12-03	2014-11-01	2014-10-02	1	53428	t	f	9785070
448	5268607	0	Factura en proceso judicial por parte del cliente	2014-12-04	2014-07-31	2014-07-01	8	52553	t	f	5268607
451	273145	0	Factura en proceso judicial por parte del cliente	2014-12-04	2014-09-03	2014-08-04	8	52848	t	f	273145
455	2163771	0	Factura en proceso judicial por parte del cliente	2014-12-04	2014-09-04	2014-08-05	8	52903	t	f	2163771
458	704104	0	Factura en proceso judicial por parte del cliente	2014-12-04	2014-09-28	2014-08-29	8	53028	t	f	704104
462	5268607	0	Factura en proceso judicial por parte del cliente	2014-12-04	2014-10-02	2014-09-02	8	53231	t	f	5268607
466	8215924	0	Factura en proceso judicial por parte del cliente	2014-12-04	2014-10-02	2014-09-02	8	53235	t	f	8215924
469	1932981	0	Factura en proceso judicial por parte del cliente	2014-12-04	2014-10-31	2014-10-01	8	53365	t	f	1932981
473	1334936	0	Factura en proceso judicial por parte del cliente	2014-12-04	2014-11-01	2014-10-02	8	53433	t	f	1334936
703	9530	0	Gonzalo Paredes/ Pago Provee/ indica que facturas aun no se encuentran registradas en sus sistemas y debemos comunicarnos con las distintas obras	2014-12-04	2014-11-01	2014-10-02	1	53409	t	f	9530
1040	546235	0	Gonzalo Paredes/ Pago Provee/ indica que facturas aun no se encuentran registradas en sus sistemas y debemos comunicarnos con las distintas obras	2014-12-04	2013-12-04	2013-11-04	1	50079	t	f	546235
1045	6039	0	Gonzalo Paredes/ Pago Provee/ indica que facturas aun no se encuentran registradas en sus sistemas y debemos comunicarnos con las distintas obras	2014-12-04	2014-05-01	2014-04-01	1	51404	t	f	6039
1048	23404972	4	Gonzalo Paredes/ Pago Provee/ indica que facturas aun no se encuentran registradas en sus sistemas y debemos comunicarnos con las distintas obras	2014-12-04	2014-06-25	2014-05-26	1	1561	t	f	23404972
1094	2186825	0	factura cancelada segun informe de DOM S.A.	2014-11-25	2014-04-02	2014-11-18	5	51050	t	f	2186825
1020	6597	0	factura cancelada segun informe de DOM S.A.	2014-11-25	2014-09-03	2014-08-04	5	52765	t	f	6597
1027	60190	0	Factura Documentada segun informe de DOM S.A.	2014-12-03	2014-10-31	2014-10-01	1	53324	t	f	60190
694	188298	0	se llamo a gonzalo paredes y no hay respuesta, se consultara nuevamente el dia jueves 12/02	2015-02-12	2014-07-19	2014-06-19	1	52408	t	f	188298
697	146175	0	se llamo a gonzalo paredes y no hay respuesta, se consultara nuevamente el dia jueves 12/02	2015-02-12	2014-07-31	2014-07-01	1	52472	t	f	146175
689	752199	0	Factura cancelada segun informe de DOM S.A.	2014-12-04	2014-05-01	2014-04-01	5	51396	t	f	752199
690	615147	0	Factura cancelada segun informe de DOM S.A.	2014-12-04	2014-06-04	2014-05-05	5	51828	t	f	615147
692	473098	0	Factura cancelada segun informe de DOM S.A.	2014-12-04	2014-07-03	2014-06-03	5	52244	t	f	473098
696	456784	0	Factura cancelada segun informe de DOM S.A.	2014-12-04	2014-07-31	2014-07-01	5	52471	t	f	456784
699	3724494	0	se llamo a gonzalo paredes y no hay respuesta, se consultara nuevamente el dia jueves 12/02	2015-02-12	2014-10-10	2014-09-10	1	53299	t	f	3724494
701	318427	0	se llamo a gonzalo paredes y no hay respuesta, se consultara nuevamente el dia jueves 12/02	2015-02-12	2014-11-01	2014-10-02	1	53407	t	f	318427
1042	106191	0	se llamo a gonzalo paredes y no hay respuesta, se consultara nuevamente el dia jueves 12/02	2015-02-12	2014-04-02	2014-03-03	1	51044	t	f	106191
1043	5831	0	se llamo a gonzalo paredes y no hay respuesta, se consultara nuevamente el dia jueves 12/02	2015-02-12	2014-04-02	2014-03-03	1	51045	t	f	5831
1047	7081	0	se llamo a gonzalo paredes y no hay respuesta, se consultara nuevamente el dia jueves 12/02	2015-02-12	2014-06-04	2014-05-05	1	51868	t	f	7081
779	230666	4	Nelsa Jaime/ Pago Provee/ indica que factura se encuentra pendiente de pago.	2014-11-27	2013-10-02	2013-10-02	1	1438	t	f	230666
781	849076	0	Nelsa Jaime/ Pago Provee/ indica que factura se encuentra pendiente de pago.	2014-11-27	2014-09-05	2014-08-06	1	52959	t	f	849076
1110	617503	0	Nelsa Jaime/ Pago Provee/ indica que factura se encuentra pendiente de pago.	2014-11-27	2014-10-31	2014-10-01	1	53317	t	f	617503
504	638387	0	Factura cancelada	2014-12-01	2014-10-31	2014-10-01	7	53366	t	f	638387
671	1001228	4	Deudor publicado en los informes comerciales	2014-12-03	2014-09-05	2014-08-06	1	1595	t	f	1001228
672	3210979	4	Deudor publicado en los informes comerciales	2014-12-03	2014-09-05	2014-08-06	1	1596	t	f	3210979
673	865582	4	Deudor publicado en los informes comerciales	2014-12-03	2014-09-05	2014-08-06	1	1591	t	f	865582
674	8271007	4	Deudor publicado en los informes comerciales	2014-12-03	2014-09-05	2014-08-06	1	1588	t	f	8271007
677	633776	4	Deudor publicado en los informes comerciales	2014-12-03	2014-10-02	2014-09-02	1	1601	t	f	633776
681	5085081	4	Deudor publicado en los informes comerciales	2014-12-03	2014-11-01	2014-10-02	1	1631	t	f	5085081
1140	534180	0	Deudor publicado en los informes comerciales	2014-12-03	2014-05-01	2014-04-01	1	51411	t	f	534180
1098	56844	0	At. a Provee dias JU de 15:30 a 18:00 y VI de 10:00 a 13:00	2014-11-27	2014-07-02	2014-06-02	1	52112	t	f	56844
1100	2069065	0	At. a Provee dias JU de 15:30 a 18:00 y VI de 10:00 a 13:00	2014-11-27	2014-08-01	2014-07-02	1	52626	t	f	2069065
1103	2258278	0	At. a Provee dias JU de 15:30 a 18:00 y VI de 10:00 a 13:00	2014-11-27	2014-09-03	2014-08-04	1	52755	t	f	2258278
1105	874207	0	At. a Provee dias JU de 15:30 a 18:00 y VI de 10:00 a 13:00	2014-11-27	2014-10-01	2014-09-01	1	53038	t	f	874207
1108	56844	0	At. a Provee dias JU de 15:30 a 18:00 y VI de 10:00 a 13:00	2014-11-27	2014-10-01	2014-09-01	1	53041	t	f	56844
1097	1984623	0	At. a Provee dias JU de 15:30 a 18:00 y VI de 10:00 a 13:00	2014-11-27	2014-07-02	2014-11-18	1	52111	t	f	1984623
1102	679253	0	At. a Provee dias JU de 15:30 a 18:00 y VI de 10:00 a 13:00	2014-11-27	2014-09-03	2014-08-04	1	52754	t	f	679253
1104	66995	0	At. a Provee dias JU de 15:30 a 18:00 y VI de 10:00 a 13:00	2014-11-27	2014-09-03	2014-08-04	1	52756	t	f	66995
1106	576336	0	At. a Provee dias JU de 15:30 a 18:00 y VI de 10:00 a 13:00	2014-11-27	2014-10-01	2014-09-01	1	53039	t	f	576336
1107	1811313	0	At. a Provee dias JU de 15:30 a 18:00 y VI de 10:00 a 13:00	2014-11-27	2014-10-01	2014-09-01	1	53040	t	f	1811313
1216	66209	0	consultar a deudor fecha de entrega de documento a fecha	2014-12-05	2014-12-06	2014-11-25	1	281	t	f	0
1217	135599	0	consultar a deudor fecha de entrega de documento a fecha	2014-12-05	2014-12-06	2014-11-25	1	280	t	f	0
493	-11154	3	Central/ Informa que factura se encuentra pendiente de pago.	2014-11-28	2014-05-15	2014-05-15	1	4314	t	f	-11154
513	3994925	0	Central/ Informa que factura se encuentra pendiente de pago.	2014-11-28	2014-11-02	2014-10-03	1	53587	t	f	3994925
322	3956950	0	Factura en proceso de cobranza judicial por parte del cliente	2014-12-03	2012-10-04	2012-09-04	8	45107	t	f	3956950
325	76578	0	Factura en proceso de cobranza judicial por parte del cliente	2014-12-03	2013-01-04	2012-12-05	8	46202	t	f	76578
328	73937	0	Factura en proceso de cobranza judicial por parte del cliente	2014-12-03	2013-04-03	2013-03-04	8	47214	t	f	73937
331	147874	4	Factura en proceso de cobranza judicial por parte del cliente	2014-12-03	2013-08-01	2013-07-02	8	1357	t	f	147874
334	76578	4	Factura en proceso de cobranza judicial por parte del cliente	2014-12-03	2013-10-31	2013-10-01	8	1425	t	f	76578
337	947405	4	Factura en proceso de cobranza judicial por parte del cliente	2014-12-03	2014-01-02	2014-01-02	8	1502	t	f	947405
228	29750	4	Factura con mora excesiva. Publicados en el Boletin comercial y en proceso de cobranza judicial por parte del cliente	2014-12-04	2013-09-03	2013-09-03	8	1395	t	f	29750
230	30464	4	Factura con mora excesiva. Publicados en el Boletin comercial y en proceso de cobranza judicial por parte del cliente	2014-12-04	2013-09-03	2013-09-03	8	1397	t	f	30464
266	539070	0	Factura con mora excesiva. Publicados en el Boletin comercial y en proceso de cobranza judicial por parte del cliente	2014-12-04	2012-09-02	2012-08-03	8	44729	t	f	539070
343	579780	0	Factura con mora excesiva. Publicados en el Boletin comercial y en proceso de cobranza judicial por parte del cliente	2014-12-04	2013-04-03	2013-03-04	8	47197	t	f	579780
345	2262583	0	Factura con mora excesiva. Publicados en el Boletin comercial y en proceso de cobranza judicial por parte del cliente	2014-12-04	2013-06-02	2013-05-03	8	48030	t	f	2262583
347	95248	4	Factura con mora excesiva. Publicados en el Boletin comercial y en proceso de cobranza judicial por parte del cliente	2014-12-04	2013-06-19	2013-06-19	8	1469	t	f	95248
405	1107069	4	Factura con mora excesiva. Publicados en el Boletin comercial y en proceso de cobranza judicial por parte del cliente	2014-12-04	2013-05-03	2013-04-03	8	1322	t	f	1107069
532	866320	0	Factura con mora excesiva. Publicados en el Boletin comercial y en proceso de cobranza judicial por parte del cliente	2014-12-04	2013-05-01	2013-04-01	8	47572	t	f	866320
824	12495	0	Factura con mora excesiva. Publicados en el Boletin comercial y en proceso de cobranza judicial por parte del cliente	2014-12-04	2012-11-10	2012-10-11	8	45635	t	f	12495
825	31975	0	Factura con mora excesiva. Publicados en el Boletin comercial y en proceso de cobranza judicial por parte del cliente	2014-12-04	2012-11-10	2012-10-11	8	45636	t	f	31975
1068	11265753	4	Factura con mora excesiva. Publicados en el Boletin comercial y en proceso de cobranza judicial por parte del cliente	2014-12-04	2013-09-19	2013-08-20	8	1391	t	f	11265753
1215	93058	0	Factura Documentada segun informe de DOM S.A.	2014-12-03	2014-11-21	2014-11-25	1	53649	t	f	0
47	3564564	0	Factura Documentada. a la espera de fecha de cobro del documento.	2014-12-04	2014-09-05	2014-08-06	1	52963	t	f	3564564
1218	255110	0	Factura cancelada segun informe de DOM S.A.	2014-11-27	2014-09-04	2014-11-27	1	52860	t	f	255110
1219	866250	0	Factura pendiente de documentar. Deudor documenta todas sus facturas	2014-12-10	2014-12-04	2014-11-27	1	168	t	f	0
139	8585126	0	Factura informada en los informes comerciales	2014-12-03	2013-06-05	2013-05-06	1	48051	t	f	8585126
143	6809032	4	Factura informada en los informes comerciales	2014-12-03	2013-07-31	2013-07-01	1	1342	t	f	6809032
147	393854	4	Factura informada en los informes comerciales	2014-12-03	2013-10-02	2013-09-02	1	1393	t	f	393854
151	532412	4	Factura informada en los informes comerciales	2014-12-03	2013-12-01	2013-11-01	1	1456	t	f	532412
155	9553101	4	Factura informada en los informes comerciales	2014-12-03	2014-01-18	2013-12-19	1	1497	t	f	9553101
46	35700	4	Factura cancelada en informe de Dom 	2014-12-04	2014-07-02	2014-06-02	5	1564	t	f	35700
940	48238	4	Deudor indica que no saco pago esta semana, solicita que llamemos dentro del 26-11-14 para consultar por estado de factura	2014-11-25	2014-09-05	2014-08-06	1	1592	t	f	48238
943	58905	0	Deudor indica que no saco pago esta semana, solicita que llamemos dentro del 26-11-14 para consultar por estado de factura	2014-11-25	2014-10-03	2014-09-03	1	53289	t	f	58905
947	37518	4	Deudor indica que no saco pago esta semana, solicita que llamemos dentro del 26-11-14 para consultar por estado de factura	2014-11-25	2014-10-03	2014-09-03	1	1610	t	f	37518
950	38858	4	Deudor indica que no saco pago esta semana, solicita que llamemos dentro del 26-11-14 para consultar por estado de factura	2014-11-25	2014-11-01	2014-10-02	1	1622	t	f	38858
953	560442	0	Deudor indica que no saco pago esta semana, solicita que llamemos dentro del 26-11-14 para consultar por estado de factura	2014-11-25	2014-10-04	2014-09-04	1	21771	t	f	560442
61	181475	4	Factura en proceso de cobranza judicial por parte del cliente	2014-12-04	2013-07-31	2013-07-01	8	1340	t	f	181475
20	12	0	asas	2014-06-14	2014-12-15	2014-06-09	1	212	f	t	1
1205	400400	0	TEST	2014-10-22	2015-04-04	2014-10-22	1	404040	f	f	0
48	3533472	0	Factura Documentada. a la espera de fecha de cobro del documento.	2014-12-04	2014-10-01	2014-09-01	1	53167	t	f	3533472
49	564547	0	Factura Documentada. a la espera de fecha de cobro del documento.	2014-12-04	2014-10-01	2014-09-01	1	53168	t	f	564547
50	166957	0	Factura en proceso de cobranza judicial por parte del cliente	2014-12-04	2012-09-02	2012-08-03	8	44703	t	f	166957
51	239547	0	Factura en proceso de cobranza judicial por parte del cliente	2014-12-04	2012-10-05	2012-09-05	8	45130	t	f	239547
53	246806	0	Factura en proceso de cobranza judicial por parte del cliente	2014-12-04	2012-12-06	2012-11-06	8	45867	t	f	246806
54	210511	0	Factura en proceso de cobranza judicial por parte del cliente	2014-12-04	2013-01-04	2012-12-05	8	46302	t	f	210511
56	225029	0	Factura en proceso de cobranza judicial por parte del cliente	2014-12-04	2013-03-06	2013-02-04	8	47019	t	f	225029
57	203252	0	Factura en proceso de cobranza judicial por parte del cliente	2014-12-04	2013-04-03	2013-03-04	8	47226	t	f	203252
58	217770	0	Factura en proceso de cobranza judicial por parte del cliente	2014-12-04	2013-05-03	2013-04-03	8	47744	t	f	217770
60	217770	4	Factura en proceso de cobranza judicial por parte del cliente	2014-12-04	2013-07-06	2013-06-06	8	1329	t	f	217770
63	46112	4	Factura en proceso de cobranza judicial por parte del cliente	2014-12-04	2013-10-02	2013-09-02	8	1398	t	f	46112
64	43138	4	Factura en proceso de cobranza judicial por parte del cliente	2014-12-04	2013-10-31	2013-10-01	8	1416	t	f	43138
65	46112	4	Factura en proceso de cobranza judicial por parte del cliente	2014-12-04	2013-12-01	2013-11-01	8	1455	t	f	46112
67	198331	4	Factura en proceso de cobranza judicial por parte del cliente	2014-12-04	2014-02-01	2014-01-02	8	1499	t	f	198331
114	4774044	0	Factura cancelada segun informe de DOM S.A.	2014-12-05	2014-06-05	2014-05-06	5	51943	t	f	4774044
115	1331255	0	Factura cancelada segun informe de DOM S.A.	2014-12-05	2014-06-05	2014-05-06	5	51944	t	f	1331255
116	1884194	0	Factura cancelada segun informe de DOM S.A.	2014-12-05	2014-06-05	2014-05-06	5	51946	t	f	1884194
117	1135483	0	Factura cancelada segun informe de DOM S.A.	2014-12-05	2014-07-04	2014-06-04	5	52352	t	f	1135483
118	2404036	0	Factura cancelada segun informe de DOM S.A.	2014-12-05	2014-07-04	2014-06-04	5	52353	t	f	2404036
80	1928916	0	Luis/ informa que tuvo problemas de flujo y cancelara a fin de mes. llamar nuevamente	2014-11-28	2014-10-01	2014-09-01	1	53165	t	f	1928916
82	2746881	0	Luis/ informa que tuvo problemas de flujo y cancelara a fin de mes. llamar nuevamente	2014-11-28	2014-11-01	2014-10-02	1	53473	t	f	2746881
83	2286922	0	Luis/ informa que tuvo problemas de flujo y cancelara a fin de mes. llamar nuevamente	2014-11-28	2014-11-01	2014-10-02	1	53474	t	f	2286922
75	647137	0	Facturas Documentadas. Confirmar informacion con Haydee	2014-11-26	2014-10-01	2014-09-01	1	53110	t	f	647137
77	274873	0	Facturas Documentadas. Confirmar informacion con Haydee	2014-11-26	2014-11-01	2014-10-02	1	53452	t	f	274873
74	1943891	0	Factura con mora superior a 30 dias. Se esta negociando con DOM el pago 	2014-11-26	2014-09-04	2014-08-05	1	52888	t	f	1943891
76	186290	0	Factura con mora superior a 30 dias. Se esta negociando con DOM el pago 	2014-11-26	2014-10-01	2014-09-01	1	53111	t	f	186290
69	108998	0	Factura en proceso normal de pago. llamar nuevamente para consultar por estado de factura.	2014-11-26	2014-09-04	2014-08-05	1	52884	t	f	108998
71	1336739	0	Factura en proceso normal de pago. llamar nuevamente para consultar por estado de factura.	2014-11-26	2014-09-25	2014-08-26	1	53015	t	f	1336739
96	124486	0	llamar para consultar por estado de factura	2014-12-05	2014-09-04	2014-08-05	1	52868	t	f	124486
97	106208	0	llamar para consultar por estado de factura	2014-12-05	2014-09-04	2014-08-05	1	52869	t	f	106208
98	191673	0	llamar para consultar por estado de factura	2014-12-05	2014-09-04	2014-08-05	1	52870	t	f	191673
99	1069438	0	llamar para consultar por estado de factura	2014-12-05	2014-09-19	2014-08-20	1	53007	t	f	1069438
101	832668	0	llamar para consultar por estado de factura	2014-12-05	2014-10-01	2014-09-01	1	53057	t	f	832668
102	33736	0	llamar para consultar por estado de factura	2014-12-05	2014-10-01	2014-09-01	1	53058	t	f	33736
103	835223	0	llamar para consultar por estado de factura	2014-12-05	2014-10-01	2014-09-01	1	53059	t	f	835223
105	26240	4	llamar para consultar por estado de factura	2014-12-05	2014-11-01	2014-10-02	1	1626	t	f	26240
106	1127953	0	llamar para consultar por estado de factura	2014-12-05	2014-11-01	2014-10-02	1	53383	t	f	1127953
91	13353147	0	Factura publicada en el boletin comercial	2014-12-02	2014-08-31	2014-08-01	1	52731	t	f	13353147
93	4755842	0	Factura publicada en el boletin comercial	2014-12-02	2014-10-01	2014-09-01	1	53142	t	f	4755842
94	13353147	0	Factura publicada en el boletin comercial	2014-12-02	2014-11-01	2014-10-02	1	53436	t	f	13353147
95	7336376	0	Factura publicada en el boletin comercial	2014-12-02	2014-11-01	2014-10-02	1	53437	t	f	7336376
108	458568	0	Factura publicada en el boletin comercial	2014-12-02	2014-08-01	2014-07-02	1	52576	t	f	85536
109	2433069	0	Factura publicada en el boletin comercial	2014-12-02	2014-09-05	2014-08-06	1	52913	t	f	2433069
111	185640	0	Factura publicada en el boletin comercial	2014-12-02	2014-10-03	2014-09-03	1	53286	t	f	185640
112	-6984	3	Factura publicada en el boletin comercial	2014-12-02	2014-09-29	2014-09-29	1	4358	t	f	-6984
113	4365596	0	Factura publicada en el boletin comercial	2014-12-02	2014-11-02	2014-10-03	1	53571	t	f	4365596
45	323781	0	Factura cancelada en informe de Dom 	2014-12-04	2013-01-03	2012-12-04	5	46133	t	f	323781
85	1238291	0	Factura cancelada en informe de Dom 	2014-12-04	2014-10-08	2014-09-08	5	53295	t	f	1238291
86	1813241	0	Factura cancelada en informe de Dom 	2014-12-04	2014-06-04	2014-05-05	5	51899	t	f	300000
88	349860	0	Factura cancelada en informe de Dom 	2014-12-04	2014-09-05	2014-08-06	5	21753	t	f	349860
89	289884	0	Factura cancelada en informe de Dom 	2014-12-04	2014-10-04	2014-09-04	5	21775	t	f	289884
90	233050	0	Factura cancelada en informe de Dom 	2014-12-04	2014-11-05	2014-10-06	5	21794	t	f	233050
185	1306180	0	Deudor con mora. Aun no tienen fecha de pago para las facturas. llamar nuevamente	2014-11-24	2014-11-02	2014-10-03	1	53570	t	f	1306180
164	539070	0	Factura en proceso de pago. llamar nuevamente a deudor para consultar fecha de pago.	2014-11-25	2014-11-01	2014-10-02	1	53504	t	f	539070
165	965328	0	Factura en proceso de pago. llamar nuevamente a deudor para consultar fecha de pago.	2014-11-25	2014-11-01	2014-10-02	1	53505	t	f	965328
171	183022	0	Factura en proceso de pago. llamar nuevamente a deudor para consultar fecha de pago.	2014-11-25	2014-11-02	2014-10-03	1	53553	t	f	183022
172	2326414	0	Factura en proceso de pago. llamar nuevamente a deudor para consultar fecha de pago.	2014-11-25	2014-11-02	2014-10-03	1	53554	t	f	2326414
168	70314	4	Atencion Proveedores los dias viernes. factura con retraso en su pago.	2014-11-21	2013-10-02	2013-10-02	1	1442	t	f	70313
169	46644	4	Atencion Proveedores los dias viernes. factura con retraso en su pago.	2014-11-21	2013-10-02	2013-10-02	1	1443	t	f	46644
119	4774044	0	Factura cancelada segun informe de DOM S.A.	2014-12-05	2014-08-01	2014-07-02	5	52592	t	f	4774044
120	1096328	0	Factura cancelada segun informe de DOM S.A.	2014-12-05	2014-08-01	2014-07-02	5	52579	t	f	1096328
135	4058	0	Deudor con mora. Aun no tienen fecha de pago para las facturas. llamar nuevamente	2014-11-24	2014-11-01	2014-10-02	1	53400	t	f	4058
173	137316	0	Deudor con mora. Aun no tienen fecha de pago para las facturas. llamar nuevamente	2014-11-24	2014-11-02	2014-10-03	1	53534	t	f	137316
182	157913	0	Deudor con mora. Aun no tienen fecha de pago para las facturas. llamar nuevamente	2014-11-24	2014-10-02	2014-09-02	1	53251	t	f	157913
121	2321138	0	Factura cancelada segun informe de DOM S.A.	2014-12-05	2014-08-01	2014-07-02	5	52580	t	f	2321138
124	2486933	0	Factura cancelada segun informe de DOM S.A.	2014-12-05	2014-08-31	2014-08-01	5	52728	t	f	2486933
127	2427031	0	Factura cancelada segun informe de DOM S.A.	2014-12-05	2014-10-01	2014-09-01	5	53053	t	f	2427031
122	4774044	0	Factura Documentada segun informe de DOM S.A. a la espera de fecha de documento para rebajar del sistema.	2014-12-03	2014-08-31	2014-11-26	1	52726	t	f	4774044
125	4224031	0	Factura Cancelada	2014-11-26	2014-10-01	2014-09-01	5	53051	t	f	4224031
129	372879	0	Factura en proceso de pago. Deudor solicita que nos comuniquemos nuevamente	2014-11-26	2014-11-02	2014-10-03	1	53579	t	f	372879
130	2150251	0	Factura en proceso de pago. Deudor solicita que nos comuniquemos nuevamente	2014-11-26	2014-11-02	2014-10-03	1	53580	t	f	2150251
175	4364120	4	Factura en proceso judicial	2014-12-03	2014-07-31	2014-07-01	8	1579	t	f	4364120
176	5067939	4	Factura en proceso judicial	2014-12-03	2014-09-03	2014-08-04	8	1582	t	f	5067939
177	5299289	4	Factura en proceso judicial	2014-12-03	2014-09-03	2014-08-04	8	1583	t	f	5299289
178	1071155	4	Factura en proceso judicial	2014-12-03	2014-10-03	2014-09-03	8	1605	t	f	1071155
179	2027792	4	Factura en proceso judicial	2014-12-03	2014-10-03	2014-09-03	8	1606	t	f	2027792
181	1497734	4	Factura en proceso judicial	2014-12-03	2014-11-01	2014-10-02	8	1624	t	f	1497734
136	7113622	0	Factura informada en los informes comerciales	2014-12-03	2013-04-03	2013-03-04	1	47261	t	f	7113622
137	7322608	0	Factura informada en los informes comerciales	2014-12-03	2013-05-02	2013-04-02	1	47685	t	f	7322608
140	495647	0	Factura informada en los informes comerciales	2014-12-03	2013-06-05	2013-05-06	1	48052	t	f	495647
141	7322608	0	Factura informada en los informes comerciales	2014-12-03	2013-07-04	2013-06-04	1	48323	t	f	7322608
142	464445	0	Factura informada en los informes comerciales	2014-12-03	2013-07-06	2013-06-06	1	48544	t	f	464445
144	374552	4	Factura informada en los informes comerciales	2014-12-03	2013-07-31	2013-07-01	1	1359	t	f	374552
145	7968875	4	Factura informada en los informes comerciales	2014-12-03	2013-09-01	2013-08-02	1	1386	t	f	7968875
146	479427	4	Factura informada en los informes comerciales	2014-12-03	2013-09-01	2013-08-02	1	1387	t	f	479427
148	4948786	4	Factura informada en los informes comerciales	2014-12-03	2013-10-02	2013-09-02	1	1392	t	f	4948786
149	1578267	4	Factura informada en los informes comerciales	2014-12-03	2013-10-31	2013-10-01	1	1423	t	f	1578267
150	118518	4	Factura informada en los informes comerciales	2014-12-03	2013-11-01	2013-10-02	1	1424	t	f	118518
152	24812	4	Factura informada en los informes comerciales	2014-12-03	2013-12-01	2013-11-01	1	1457	t	f	24812
153	518784	4	Factura informada en los informes comerciales	2014-12-03	2014-01-01	2013-12-02	1	1476	t	f	518784
154	22318	4	Factura informada en los informes comerciales	2014-12-03	2014-01-01	2013-12-02	1	1477	t	f	22318
156	671255	4	Factura informada en los informes comerciales	2014-12-03	2014-01-25	2013-12-26	1	1498	t	f	671255
159	393057	0	facturas publicadas en los boletines comercial por la mora de ellas.	2014-12-03	2014-08-31	2014-08-01	1	52732	t	f	393057
161	3570133	0	facturas publicadas en los boletines comercial por la mora de ellas.	2014-12-03	2014-10-02	2014-09-02	1	53143	t	f	3570133
188	5522909	0	facturas publicadas en los boletines comercial por la mora de ellas.	2014-12-03	2014-02-05	2014-01-06	1	50663	t	f	4412282
189	2457977	0	facturas publicadas en los boletines comercial por la mora de ellas.	2014-12-03	2014-03-06	2014-02-04	1	50920	t	f	2457977
191	856372	4	facturas publicadas en los boletines comercial por la mora de ellas.	2014-12-03	2014-05-02	2014-04-02	1	1558	t	f	856372
192	11251883	4	facturas publicadas en los boletines comercial por la mora de ellas.	2014-12-03	2014-05-10	2014-04-10	1	1559	t	f	11251883
193	851174	0	Factura publicada en el boletin comercial	2014-12-02	2014-04-02	2014-03-03	1	51267	t	f	850554
131	31226	0	Factura cancelada en informe de Dom 	2014-12-04	2014-11-01	2014-10-02	5	53488	t	f	31226
132	2013467	0	Factura cancelada en informe de Dom 	2014-12-04	2014-10-01	2014-09-01	5	53107	t	f	2013467
133	5825	0	Factura cancelada en informe de Dom 	2014-12-04	2014-10-01	2014-09-01	5	53108	t	f	5825
158	235580	0	Factura cancelada en informe de Dom 	2014-12-04	2014-11-02	2014-10-03	5	53555	t	f	235580
163	-998024	3	Factura cancelada en informe de Dom 	2014-12-04	2014-03-28	2014-03-28	5	4287	t	f	-23
207	1107890	0	Factura a la espera de V°B° para ser cancelada	2014-11-25	2014-09-05	2014-08-06	1	52922	t	f	1107890
208	575853	0	Factura a la espera de V°B° para ser cancelada	2014-11-25	2014-10-03	2014-09-03	1	53281	t	f	575853
209	384922	0	Factura a la espera de V°B° para ser cancelada	2014-11-25	2014-10-31	2014-10-01	1	53369	t	f	384922
205	8637615	0	Atencion Proveedores los dias viernes. factura con retraso en su pago.	2014-11-21	2014-10-02	2014-09-02	1	53241	t	f	8637615
206	6717274	0	Atencion Proveedores los dias viernes. factura con retraso en su pago.	2014-11-21	2014-11-01	2014-10-02	1	53527	t	f	6717274
211	786852	0	Factura en proceso de pago. llamar nuevamente a deudor para consultar fecha de pago.	2014-11-25	2014-11-01	2014-10-02	1	53487	t	f	786852
123	1132761	0	Factura cancelada segun informe de DOM S.A.	2014-12-05	2014-08-31	2014-08-01	5	52727	t	f	1132761
213	2917763	0	Deudor con mora. Aun no tienen fecha de pago para las facturas. llamar nuevamente	2014-11-24	2014-11-01	2014-10-02	1	53520	t	f	2917763
214	31702	0	Deudor con mora. Aun no tienen fecha de pago para las facturas. llamar nuevamente	2014-11-24	2014-11-01	2014-10-02	1	53521	t	f	31702
220	416981	0	Deudor con mora. Aun no tienen fecha de pago para las facturas. llamar nuevamente	2014-11-24	2014-09-03	2014-08-04	1	52837	t	f	416981
222	380188	0	Deudor con mora. Aun no tienen fecha de pago para las facturas. llamar nuevamente	2014-11-24	2014-11-02	2014-10-03	1	53563	t	f	380188
264	544960	0	Deudor con mora. Aun no tienen fecha de pago para las facturas. llamar nuevamente	2014-11-24	2014-11-01	2014-10-02	1	53465	t	f	544960
268	403648	0	Deudor con mora. Aun no tienen fecha de pago para las facturas. llamar nuevamente	2014-11-24	2014-11-01	2014-10-02	1	53460	t	f	403648
243	236691	0	Karen Gallegos/ Pago Proveedores/ indica que factura se encuentra en proceso de pago. llamar nuevamente	2014-11-27	2014-09-05	2014-08-06	1	52970	t	f	236690
244	7562195	0	Karen Gallegos/ Pago Proveedores/ indica que factura se encuentra en proceso de pago. llamar nuevamente	2014-11-27	2014-09-05	2014-08-06	1	52987	t	f	7562195
246	14875	0	Karen Gallegos/ Pago Proveedores/ indica que factura se encuentra en proceso de pago. llamar nuevamente	2014-11-27	2014-10-01	2014-09-01	1	53176	t	f	14875
248	7562195	0	Karen Gallegos/ Pago Proveedores/ indica que factura se encuentra en proceso de pago. llamar nuevamente	2014-11-27	2014-11-01	2014-10-02	1	53478	t	f	7562195
250	952000	0	Karen Gallegos/ Pago Proveedores/ indica que factura se encuentra en proceso de pago. llamar nuevamente	2014-11-27	2014-11-05	2014-10-06	1	53594	t	f	952000
229	2975	4	Factura con mora excesiva. Publicados en el Boletin comercial y en proceso de cobranza judicial por parte del cliente	2014-12-04	2013-09-03	2013-09-03	8	1396	t	f	2975
258	186711	0	Factura con mora excesiva. Publicados en el Boletin comercial y en proceso de cobranza judicial por parte del cliente	2014-12-04	2013-02-08	2013-01-09	8	46736	t	f	173352
267	634270	0	Factura con mora excesiva. Publicados en el Boletin comercial y en proceso de cobranza judicial por parte del cliente	2014-12-04	2012-10-05	2012-09-05	8	45269	t	f	634270
217	3969231	0	facturas publicadas en los boletines comercial por la mora de ellas.	2014-12-03	2014-09-04	2014-08-05	1	52895	t	f	3969231
218	2532203	0	facturas publicadas en los boletines comercial por la mora de ellas.	2014-12-03	2014-11-01	2014-10-02	1	53462	t	f	2532203
223	712088	0	facturas publicadas en los boletines comercial por la mora de ellas.	2014-12-03	2014-03-07	2014-02-05	1	21625	t	f	712088
225	458531	0	facturas publicadas en los boletines comercial por la mora de ellas.	2014-12-03	2014-05-03	2014-04-03	1	21667	t	f	458531
226	504642	4	facturas publicadas en los boletines comercial por la mora de ellas.	2014-12-03	2014-06-06	2014-05-07	1	448	t	f	504642
234	731707	0	facturas publicadas en los boletines comercial por la mora de ellas.	2014-12-03	2014-10-03	2014-09-03	1	53282	t	f	731707
235	1137974	0	facturas publicadas en los boletines comercial por la mora de ellas.	2014-12-03	2014-10-03	2014-09-03	1	53283	t	f	1137974
237	525850	0	facturas publicadas en los boletines comercial por la mora de ellas.	2014-12-03	2014-10-31	2014-10-01	1	53370	t	f	525850
260	24568	0	facturas publicadas en los boletines comercial por la mora de ellas.	2014-12-03	2014-06-07	2014-05-08	1	52042	t	f	24568
261	2553463	0	facturas publicadas en los boletines comercial por la mora de ellas.	2014-12-03	2014-08-31	2014-08-01	1	52723	t	f	2553463
263	20622	0	facturas publicadas en los boletines comercial por la mora de ellas.	2014-12-03	2014-11-01	2014-10-02	1	53415	t	f	20622
194	11444620	0	Factura publicada en el boletin comercial	2014-12-02	2014-08-01	2014-07-02	1	52570	t	f	11444620
195	442228	0	Factura publicada en el boletin comercial	2014-12-02	2014-09-03	2014-08-04	1	52843	t	f	442228
197	13921349	0	Factura publicada en el boletin comercial	2014-12-02	2014-09-03	2014-08-04	1	52845	t	f	13921349
198	377194	0	Factura publicada en el boletin comercial	2014-12-02	2014-10-02	2014-09-02	1	53248	t	f	377194
199	12613263	0	Factura publicada en el boletin comercial	2014-12-02	2014-10-02	2014-09-02	1	53249	t	f	12613263
201	403208	0	Factura publicada en el boletin comercial	2014-12-02	2014-11-02	2014-10-03	1	53548	t	f	403208
202	13647271	0	Factura publicada en el boletin comercial	2014-12-02	2014-11-02	2014-10-03	1	53549	t	f	13647271
251	786690	0	Factura publicada en el boletin comercial	2014-12-02	2014-09-05	2014-08-06	1	52978	t	f	786690
253	863369	0	Factura publicada en el boletin comercial	2014-12-02	2014-11-01	2014-10-02	1	53495	t	f	863369
254	3802105	0	Factura publicada en el boletin comercial	2014-12-02	2014-10-02	2014-09-02	1	53195	t	f	3802105
203	16977034	0	Factura cancelada en informe de Dom 	2014-12-04	2014-09-03	2014-08-04	5	52836	t	f	16977034
239	134062	0	Factura cancelada en informe de Dom 	2014-12-04	2014-10-02	2014-09-02	5	53203	t	f	134062
240	106457	0	Factura cancelada en informe de Dom 	2014-12-04	2014-11-01	2014-10-02	5	53490	t	f	106457
256	357257	4	Factura cancelada en informe de Dom 	2014-12-04	2014-10-03	2014-09-03	5	1607	t	f	357257
257	1279250	0	Factura cancelada en informe de Dom 	2014-12-04	2014-11-01	2014-10-02	5	53384	t	f	1279250
259	2113233	0	Factura cancelada en informe de Dom 	2014-12-04	2014-06-05	2014-05-06	5	51986	t	f	2113233
269	2023000	0	Deudor con mora. Aun no tienen fecha de pago para las facturas. llamar nuevamente	2014-11-24	2014-11-01	2014-10-02	1	53461	t	f	2023000
278	42165	0	Deudor con mora. Aun no tienen fecha de pago para las facturas. llamar nuevamente	2014-11-24	2014-11-01	2014-10-02	1	53480	t	f	42165
283	118585	0	Facturas en su proceso normal de pago	2014-11-27	2014-11-02	2014-10-03	1	53566	t	f	118585
305	1042633	0	Facturas en su proceso normal de pago	2014-11-27	2014-11-01	2014-10-02	1	53413	t	f	1042633
306	1478455	0	Facturas en su proceso normal de pago	2014-11-27	2014-11-01	2014-10-02	1	53517	t	f	1478455
315	1326474	0	Facturas en su proceso normal de pago	2014-11-27	2014-11-02	2014-10-03	1	53572	t	f	1326474
320	44398	0	Factura cancelada en informe de Dom 	2014-12-04	2014-03-29	2014-02-27	5	51032	t	f	44398
321	279483	0	Factura en proceso de cobranza judicial por parte del cliente	2014-12-03	2012-10-04	2012-09-04	8	45106	t	f	279483
323	3107229	0	Factura en proceso de cobranza judicial por parte del cliente	2014-12-03	2012-11-02	2012-10-03	8	45571	t	f	3107229
324	89781	0	Factura en proceso de cobranza judicial por parte del cliente	2014-12-03	2012-12-06	2012-11-06	8	45863	t	f	89781
326	79218	0	Factura en proceso de cobranza judicial por parte del cliente	2014-12-03	2013-02-03	2013-01-04	8	46681	t	f	79218
327	81859	0	Factura en proceso de cobranza judicial por parte del cliente	2014-12-03	2013-03-06	2013-02-04	8	47044	t	f	81859
329	79218	0	Factura en proceso de cobranza judicial por parte del cliente	2014-12-03	2013-05-03	2013-04-03	8	47716	t	f	79218
330	89781	4	Factura en proceso de cobranza judicial por parte del cliente	2014-12-03	2013-06-06	2013-05-07	8	1321	t	f	89781
332	81859	4	Factura en proceso de cobranza judicial por parte del cliente	2014-12-03	2013-09-01	2013-08-02	8	1388	t	f	81859
333	81859	4	Factura en proceso de cobranza judicial por parte del cliente	2014-12-03	2013-10-02	2013-09-02	8	1394	t	f	81859
335	81859	4	Factura en proceso de cobranza judicial por parte del cliente	2014-12-03	2013-12-01	2013-11-01	8	1454	t	f	81859
336	81859	4	Factura en proceso de cobranza judicial por parte del cliente	2014-12-03	2014-01-01	2013-12-02	8	1478	t	f	81859
281	5916010	4	Factura con mora excesiva. Publicados en el Boletin comercial y en proceso de cobranza judicial por parte del cliente	2014-12-04	2013-11-08	2013-11-08	8	1473	t	f	5916010
284	1928397	0	facturas publicadas en los boletines comercial por la mora de ellas.	2014-12-03	2014-07-02	2014-06-02	1	52166	t	f	1245760
285	24752	0	facturas publicadas en los boletines comercial por la mora de ellas.	2014-12-03	2014-07-02	2014-06-02	1	52167	t	f	24752
287	1470202	0	facturas publicadas en los boletines comercial por la mora de ellas.	2014-12-03	2014-07-02	2014-06-02	1	52169	t	f	1470202
288	1624279	0	facturas publicadas en los boletines comercial por la mora de ellas.	2014-12-03	2014-08-01	2014-07-02	1	52607	t	f	1624279
290	28560	0	facturas publicadas en los boletines comercial por la mora de ellas.	2014-12-03	2014-08-01	2014-07-02	1	52609	t	f	28560
292	32725	0	facturas publicadas en los boletines comercial por la mora de ellas.	2014-12-03	2014-09-05	2014-08-06	1	52989	t	f	32725
293	1884998	0	facturas publicadas en los boletines comercial por la mora de ellas.	2014-12-03	2014-09-05	2014-08-06	1	52990	t	f	1884998
295	9282	0	facturas publicadas en los boletines comercial por la mora de ellas.	2014-12-03	2014-10-01	2014-09-01	1	53131	t	f	9282
296	1270396	0	facturas publicadas en los boletines comercial por la mora de ellas.	2014-12-03	2014-10-01	2014-09-01	1	53132	t	f	1270396
298	493617	0	facturas publicadas en los boletines comercial por la mora de ellas.	2014-12-03	2014-11-02	2014-10-03	1	53529	t	f	493617
299	11424	0	facturas publicadas en los boletines comercial por la mora de ellas.	2014-12-03	2014-11-02	2014-10-03	1	53530	t	f	11424
308	4760	0	facturas publicadas en los boletines comercial por la mora de ellas.	2014-12-03	2014-05-03	2014-04-03	1	51680	t	f	4760
310	137497	4	facturas publicadas en los boletines comercial por la mora de ellas.	2014-12-03	2014-07-02	2014-06-02	1	1568	t	f	137497
311	153362	4	facturas publicadas en los boletines comercial por la mora de ellas.	2014-12-03	2014-07-31	2014-07-01	1	1573	t	f	153362
313	137497	4	facturas publicadas en los boletines comercial por la mora de ellas.	2014-12-03	2014-10-01	2014-09-01	1	1611	t	f	137497
314	169228	4	facturas publicadas en los boletines comercial por la mora de ellas.	2014-12-03	2014-11-02	2014-10-03	1	1635	t	f	169228
339	453033	0	facturas publicadas en los boletines comercial por la mora de ellas.	2014-12-03	2014-11-01	2014-10-02	1	53518	t	f	453033
280	1577420	4	Factura publicada en el boletin comercial	2014-12-02	2013-11-05	2013-11-05	1	1472	t	f	1577420
271	10453	0	Factura cancelada en informe de Dom 	2014-12-04	2014-10-02	2014-09-02	5	53202	t	f	10453
273	7974257	0	Factura cancelada en informe de Dom 	2014-12-04	2014-07-31	2014-07-01	5	52539	t	f	7974257
274	48966	0	Factura cancelada en informe de Dom 	2014-12-04	2014-09-05	2014-08-06	5	52966	t	f	48966
275	9277902	0	Factura cancelada en informe de Dom 	2014-12-04	2014-09-05	2014-08-06	5	52967	t	f	9277902
277	6455662	0	Factura cancelada en informe de Dom 	2014-12-04	2014-10-01	2014-09-01	5	53170	t	f	6455662
282	388159	0	Factura cancelada en informe de Dom 	2014-12-04	2014-10-02	2014-09-02	5	53247	t	f	388159
300	233840	0	Factura cancelada en informe de Dom 	2014-12-04	2014-09-28	2014-08-29	5	53022	t	f	233840
301	43792	0	Factura cancelada en informe de Dom 	2014-12-04	2014-09-28	2014-08-29	5	53027	t	f	43792
303	1463986	0	Factura cancelada en informe de Dom 	2014-12-04	2014-10-02	2014-09-02	5	53198	t	f	1463986
304	1311594	0	Factura cancelada en informe de Dom 	2014-12-04	2014-11-01	2014-10-02	5	53412	t	f	1311594
319	90133	0	Factura cancelada en informe de Dom 	2014-12-04	2014-11-01	2014-10-02	5	53450	t	f	90133
340	33915	0	Factura cancelada en informe de Dom 	2014-12-04	2014-10-02	2014-09-02	5	53147	t	f	33915
342	3088586	0	Factura cancelada en informe de Dom 	2014-12-04	2014-11-01	2014-10-02	5	53441	t	f	3088586
356	12139028	0	Facturas en su proceso normal de pago	2014-11-27	2014-11-05	2014-10-06	1	21788	t	f	12139028
359	546638	0	Facturas en su proceso normal de pago	2014-11-27	2014-11-01	2014-10-02	1	53457	t	f	546638
360	86123	0	Facturas en su proceso normal de pago	2014-11-27	2014-11-01	2014-10-02	1	53458	t	f	86123
365	59595	0	Facturas en su proceso normal de pago	2014-11-27	2014-11-01	2014-10-02	1	53451	t	f	59595
379	391672	0	Facturas en su proceso normal de pago	2014-11-27	2014-11-01	2014-10-02	1	53524	t	f	391672
404	366505	0	Facturas en su proceso normal de pago	2014-11-27	2014-11-02	2014-10-03	1	53568	t	f	366505
414	2419721	0	Facturas en su proceso normal de pago	2014-11-27	2014-11-01	2014-10-02	1	53516	t	f	2419721
362	1841178	4	Factura en proceso de cobranza judicial	2015-01-29	2013-07-31	2013-07-01	8	1341	t	f	1841178
344	2116671	0	Factura con mora excesiva. Publicados en el Boletin comercial y en proceso de cobranza judicial por parte del cliente	2014-12-04	2013-05-02	2013-04-02	8	47659	t	f	2116671
346	459408	0	Factura con mora excesiva. Publicados en el Boletin comercial y en proceso de cobranza judicial por parte del cliente	2014-12-04	2013-06-19	2013-05-20	8	48238	t	f	459408
364	79064	4	Factura con mora excesiva. Publicados en el Boletin comercial y en proceso de cobranza judicial por parte del cliente	2014-12-04	2013-10-03	2013-10-03	8	1451	t	f	79064
406	4156157	4	Factura con mora excesiva. Publicados en el Boletin comercial y en proceso de cobranza judicial por parte del cliente	2014-12-04	2013-05-03	2013-04-03	8	1323	t	f	4156157
349	12051178	0	facturas publicadas en los boletines comercial por la mora de ellas.	2014-12-03	2014-08-01	2014-07-02	1	21728	t	f	12051178
350	35700	0	facturas publicadas en los boletines comercial por la mora de ellas.	2014-12-03	2014-09-05	2014-08-06	1	21747	t	f	35700
352	31238	0	facturas publicadas en los boletines comercial por la mora de ellas.	2014-12-03	2014-09-05	2014-08-06	1	21749	t	f	31238
354	11000994	0	facturas publicadas en los boletines comercial por la mora de ellas.	2014-12-03	2014-10-04	2014-09-04	1	21769	t	f	11000994
355	25882	0	facturas publicadas en los boletines comercial por la mora de ellas.	2014-12-03	2014-10-04	2014-09-04	1	21770	t	f	25882
381	145299	0	facturas publicadas en los boletines comercial por la mora de ellas.	2014-12-03	2014-05-02	2014-04-02	1	51507	t	f	145299
382	159829	0	facturas publicadas en los boletines comercial por la mora de ellas.	2014-12-03	2014-06-04	2014-05-05	1	51926	t	f	159829
384	103863	0	facturas publicadas en los boletines comercial por la mora de ellas.	2014-12-03	2014-07-31	2014-07-01	1	52566	t	f	103863
392	1152182	0	Sebastian Moreno/ provee/ solo informa pago por Maestra, el resto de las factura aun se encuentran pendientes de pago.	2014-12-03	2014-08-01	2014-07-02	1	52620	t	f	1152182
394	178678	0	Sebastian Moreno/ provee/ solo informa pago por Maestra, el resto de las factura aun se encuentran pendientes de pago.	2014-12-03	2014-09-04	2014-08-05	1	52908	t	f	178678
396	1747170	0	Sebastian Moreno/ provee/ solo informa pago por Maestra, el resto de las factura aun se encuentran pendientes de pago.	2014-12-03	2014-09-05	2014-08-06	1	52950	t	f	1747170
398	200348	0	Sebastian Moreno/ provee/ solo informa pago por Maestra, el resto de las factura aun se encuentran pendientes de pago.	2014-12-03	2014-10-02	2014-09-02	1	53240	t	f	200348
400	609755	0	Sebastian Moreno/ provee/ solo informa pago por Maestra, el resto de las factura aun se encuentran pendientes de pago.	2014-12-03	2014-10-02	2014-09-02	1	53239	t	f	609755
402	837014	4	Sebastian Moreno/ provee/ solo informa pago por Maestra, el resto de las factura aun se encuentran pendientes de pago.	2014-12-03	2014-11-01	2014-10-02	1	1628	t	f	837014
373	533826	0	Factura publicada en el boletin comercial	2014-12-02	2014-10-01	2014-09-01	1	53115	t	f	533826
374	3848436	0	Factura publicada en el boletin comercial	2014-12-02	2014-10-08	2014-09-08	1	53294	t	f	3848436
385	1699	0	Factura publicada en el boletin comercial	2014-12-02	2014-06-04	2014-05-05	1	51811	t	f	1699
386	251685	0	Factura publicada en el boletin comercial	2014-12-02	2014-09-05	2014-08-06	1	52976	t	f	251685
388	4781077	0	Factura publicada en el boletin comercial	2014-12-02	2014-10-02	2014-09-02	1	53206	t	f	4781077
389	1294537	0	Factura publicada en el boletin comercial	2014-12-02	2014-11-01	2014-10-02	1	53493	t	f	1294537
358	218686	0	Factura cancelada en informe de Dom 	2014-12-04	2014-09-26	2014-08-27	5	53017	t	f	198686
366	53372	0	Factura cancelada en informe de Dom 	2014-12-04	2014-09-28	2014-08-29	5	53024	t	f	53372
367	10190058	0	Factura cancelada en informe de Dom 	2014-12-04	2014-10-02	2014-09-02	5	53255	t	f	10190058
368	3709581	0	Factura cancelada en informe de Dom 	2014-12-04	2014-10-02	2014-09-02	5	53256	t	f	3709581
370	3972310	0	Factura cancelada en informe de Dom 	2014-12-04	2014-11-01	2014-10-02	5	53447	t	f	3972310
371	5584087	0	Factura cancelada en informe de Dom 	2014-12-04	2014-10-02	2014-09-02	5	53187	t	f	5584087
372	1595844	0	Factura cancelada en informe de Dom 	2014-12-04	2014-11-01	2014-10-02	5	53445	t	f	1595844
375	44107	0	Factura cancelada en informe de Dom 	2014-12-04	2014-10-01	2014-09-01	5	53172	t	f	44107
377	39508	0	Factura cancelada en informe de Dom 	2014-12-04	2014-11-01	2014-10-02	5	53484	t	f	39508
378	2904614	0	Factura cancelada en informe de Dom 	2014-12-04	2014-11-01	2014-10-02	5	53485	t	f	2904614
407	20825	0	Factura cancelada en informe de Dom 	2014-12-04	2014-10-01	2014-09-01	5	53117	t	f	20825
408	206025	0	Factura cancelada en informe de Dom 	2014-12-04	2014-10-01	2014-09-01	5	53118	t	f	206025
410	642600	0	Factura cancelada en informe de Dom 	2014-12-04	2014-07-31	2014-07-01	5	52460	t	f	432749
411	2550473	0	Factura cancelada en informe de Dom 	2014-12-04	2014-09-03	2014-08-04	5	52740	t	f	2550473
412	4867683	0	Factura cancelada en informe de Dom 	2014-12-04	2014-10-02	2014-09-02	5	53178	t	f	4867683
415	84970	0	Factura cancelada en informe de Dom 	2014-12-04	2014-08-01	2014-07-02	5	21725	t	f	970
417	130602	0	Factura cancelada en informe de Dom 	2014-12-04	2014-09-05	2014-08-06	5	21742	t	f	130602
418	445363	0	Factura cancelada en informe de Dom 	2014-12-04	2014-09-05	2014-08-06	5	21743	t	f	445363
436	345785	0	Deudor indica que no saco pago esta semana, solicita que llamemos dentro del 26-11-14 para consultar por estado de factura	2014-11-25	2014-10-03	2014-09-03	1	53292	t	f	345785
438	39865	0	Deudor indica que no saco pago esta semana, solicita que llamemos dentro del 26-11-14 para consultar por estado de factura	2014-11-25	2014-11-01	2014-10-02	1	53379	t	f	39865
478	1586454	0	Facturas en su proceso normal de pago	2014-11-27	2014-11-01	2014-10-02	1	53467	t	f	1586454
488	4493238	0	Facturas en su proceso normal de pago	2014-11-27	2014-11-02	2014-10-03	1	53573	t	f	4493238
489	464564	0	Facturas en su proceso normal de pago	2014-11-27	2014-11-02	2014-10-03	1	53574	t	f	464564
447	5268607	0	Factura en proceso judicial por parte del cliente	2014-12-04	2014-07-03	2014-06-03	8	52327	t	f	5268607
449	19147	0	Factura en proceso judicial por parte del cliente	2014-12-04	2014-09-03	2014-08-04	8	52846	t	f	19147
450	169992	0	Factura en proceso judicial por parte del cliente	2014-12-04	2014-09-03	2014-08-04	8	52847	t	f	169992
452	742560	0	Factura en proceso judicial por parte del cliente	2014-12-04	2014-09-03	2014-08-04	8	52849	t	f	742560
453	6676364	0	Factura en proceso judicial por parte del cliente	2014-12-04	2014-09-03	2014-08-04	8	52850	t	f	6676364
454	229945	0	Factura en proceso judicial por parte del cliente	2014-12-04	2014-09-04	2014-08-05	8	52902	t	f	229945
456	5268607	0	Factura en proceso judicial por parte del cliente	2014-12-04	2014-09-04	2014-08-05	8	52904	t	f	5268607
457	107290	0	Factura en proceso judicial por parte del cliente	2014-12-04	2014-09-04	2014-08-05	8	52906	t	f	107290
459	57210	0	Factura en proceso judicial por parte del cliente	2014-12-04	2014-10-02	2014-09-02	8	53228	t	f	57210
460	14805	0	Factura en proceso judicial por parte del cliente	2014-12-04	2014-10-02	2014-09-02	8	53229	t	f	14805
461	12596	0	Factura en proceso judicial por parte del cliente	2014-12-04	2014-10-02	2014-09-02	8	53230	t	f	12596
463	33320	0	Factura en proceso judicial por parte del cliente	2014-12-04	2014-10-02	2014-09-02	8	53232	t	f	33320
464	85832	0	Factura en proceso judicial por parte del cliente	2014-12-04	2014-10-02	2014-09-02	8	53233	t	f	85832
465	1457502	0	Factura en proceso judicial por parte del cliente	2014-12-04	2014-10-02	2014-09-02	8	53234	t	f	1457502
467	232977	0	Factura en proceso judicial por parte del cliente	2014-12-04	2014-10-02	2014-09-02	8	53236	t	f	232977
468	1087755	0	Factura en proceso judicial por parte del cliente	2014-12-04	2014-10-31	2014-10-01	8	53364	t	f	1087755
470	7107443	4	Factura en proceso judicial por parte del cliente	2014-12-04	2014-11-01	2014-10-02	8	1630	t	f	7107443
471	4998	0	Factura en proceso judicial por parte del cliente	2014-12-04	2014-11-01	2014-10-02	8	53431	t	f	4998
472	91963	0	Factura en proceso judicial por parte del cliente	2014-12-04	2014-11-01	2014-10-02	8	53432	t	f	91963
474	4156506	0	Factura en proceso judicial por parte del cliente	2014-12-04	2014-11-01	2014-10-02	8	53420	t	f	4156506
475	241011	0	Factura en proceso judicial por parte del cliente	2014-12-04	2014-11-01	2014-10-02	8	53421	t	f	241011
423	136798	0	Factura publicada en el boletin comercial	2014-12-02	2014-10-02	2014-09-02	1	53226	t	f	136798
424	3462770	0	Factura publicada en el boletin comercial	2014-12-02	2014-10-02	2014-09-02	1	53227	t	f	3462770
425	247255	0	Factura publicada en el boletin comercial	2014-12-02	2014-11-02	2014-10-03	1	53558	t	f	247255
427	3819779	0	Factura publicada en el boletin comercial	2014-12-02	2014-11-02	2014-10-03	1	53560	t	f	3819779
428	49280	0	Factura publicada en el boletin comercial	2014-12-02	2014-10-04	2014-09-04	1	21763	t	f	49280
429	55145	0	Factura publicada en el boletin comercial	2014-12-02	2014-10-04	2014-09-04	1	21764	t	f	55145
431	54378	0	Factura publicada en el boletin comercial	2014-12-02	2014-11-05	2014-10-06	1	21783	t	f	54378
432	37318	0	Factura publicada en el boletin comercial	2014-12-02	2014-11-05	2014-10-06	1	21784	t	f	37318
433	34653	0	Factura publicada en el boletin comercial	2014-12-02	2014-11-05	2014-10-06	1	21785	t	f	34653
434	2951847	0	Factura publicada en el boletin comercial	2014-12-02	2014-10-24	2014-09-24	1	53303	t	f	2951847
480	865511	0	Factura publicada en el boletin comercial	2014-12-02	2014-09-28	2014-08-29	1	21758	t	f	865511
481	46940	0	Factura publicada en el boletin comercial	2014-12-02	2014-09-28	2014-08-29	1	21759	t	f	46940
482	1619670	0	Factura publicada en el boletin comercial	2014-12-02	2014-10-04	2014-09-04	1	21779	t	f	1619670
484	62118	0	Factura publicada en el boletin comercial	2014-12-02	2014-10-04	2014-09-04	1	21781	t	f	62118
485	1181294	0	Factura publicada en el boletin comercial	2014-12-02	2014-11-05	2014-10-06	1	21796	t	f	1181294
486	2381904	0	Factura publicada en el boletin comercial	2014-12-02	2014-11-05	2014-10-06	1	21797	t	f	2381904
419	384062	0	Factura cancelada en informe de Dom 	2014-12-04	2014-10-04	2014-09-04	5	21761	t	f	384062
420	4124653	0	Factura cancelada en informe de Dom 	2014-12-04	2014-10-04	2014-09-04	5	21760	t	f	4124653
421	305202	0	Factura cancelada en informe de Dom 	2014-12-04	2014-11-05	2014-10-06	5	21799	t	f	305202
422	924214	0	Factura cancelada en informe de Dom 	2014-12-04	2014-10-02	2014-09-02	5	53225	t	f	924214
444	48901	0	Factura cancelada en informe de Dom 	2014-12-04	2014-10-02	2014-09-02	5	53224	t	f	48901
445	52273	0	Factura cancelada en informe de Dom 	2014-12-04	2014-11-02	2014-10-03	5	53557	t	f	52273
446	262495	0	Factura cancelada en informe de Dom 	2014-12-04	2014-11-01	2014-10-02	5	53526	t	f	262495
476	2418199	0	Factura cancelada en informe de Dom 	2014-12-04	2014-09-04	2014-08-05	5	52899	t	f	2418199
490	254898	0	Factura cancelada en informe de Dom 	2014-12-04	2014-10-04	2014-09-04	5	21772	t	f	254898
491	58888	0	Factura cancelada en informe de Dom 	2014-12-04	2014-10-04	2014-09-04	5	21773	t	f	58888
492	942213	0	Factura cancelada en informe de Dom 	2014-12-04	2014-11-05	2014-10-06	5	21791	t	f	942213
523	6210719	0	Deudor con mora. Aun no tienen fecha de pago para las facturas. llamar nuevamente	2014-11-24	2014-11-01	2014-10-02	1	53502	t	f	6210719
538	528472	0	Facturas en su proceso normal de pago	2014-11-27	2014-11-01	2014-10-02	1	53395	t	f	528472
521	5878706	0	Deudor con facturas con mas de 30 dias de mora. se conversa con haydee para saber que medidas tomaran con el deudor. 	2014-11-24	2014-10-02	2014-09-02	1	53179	t	f	5878706
519	1428114	0	Factura Documentada segun informe de DOM S.A.	2014-12-09	2014-10-02	2014-09-02	1	53210	t	f	1428114
520	2596886	0	Factura Documentada segun informe de DOM S.A.	2014-12-09	2014-11-01	2014-10-02	1	53497	t	f	2596886
543	585492	0	Factura publicada en informes comerciales y en proceso judicial	2014-12-02	2013-09-11	2013-08-12	8	49215	t	f	585492
545	3249	0	Factura publicada en informes comerciales y en proceso judicial	2014-12-02	2013-10-04	2013-09-04	8	49472	t	f	3249
546	264006	0	Factura publicada en informes comerciales y en proceso judicial	2014-12-02	2013-10-04	2013-09-04	8	49473	t	f	264006
548	57477	0	Factura publicada en informes comerciales y en proceso judicial	2014-12-02	2013-11-03	2013-10-04	8	49793	t	f	57477
549	4863930	0	Factura publicada en informes comerciales y en proceso judicial	2014-12-02	2013-12-01	2013-11-01	8	50009	t	f	1589610
551	1787116	0	Factura publicada en informes comerciales y en proceso judicial	2014-12-02	2014-02-05	2014-01-06	8	50703	t	f	1787116
552	-5376	3	Factura publicada en informes comerciales y en proceso judicial	2014-12-02	2014-01-21	2014-01-21	8	4264	t	f	-5376
554	927979	0	Factura publicada en informes comerciales y en proceso judicial	2014-12-02	2014-04-03	2014-03-04	8	51301	t	f	927979
555	6043278	0	Factura publicada en informes comerciales y en proceso judicial	2014-12-02	2014-04-03	2014-03-04	8	51302	t	f	6043278
557	49980	0	Factura publicada en informes comerciales y en proceso judicial	2014-12-02	2014-06-05	2014-05-06	8	51974	t	f	49980
558	296970	0	Factura publicada en informes comerciales y en proceso judicial	2014-12-02	2014-06-08	2014-05-09	8	52046	t	f	296970
560	100436	0	Factura publicada en informes comerciales y en proceso judicial	2014-12-02	2014-06-08	2014-05-09	8	52048	t	f	100436
561	6221144	0	Factura publicada en informes comerciales y en proceso judicial	2014-12-02	2014-07-03	2014-06-03	8	52290	t	f	6221144
563	677279	4	Factura publicada en informes comerciales y en proceso judicial	2014-12-02	2014-06-09	2014-06-09	8	1569	t	f	677279
564	1373454	0	Factura publicada en informes comerciales y en proceso judicial	2014-12-02	2014-07-12	2014-06-12	8	52398	t	f	1373454
566	6913143	0	Factura publicada en informes comerciales y en proceso judicial	2014-12-02	2014-07-31	2014-07-01	8	52547	t	f	6913143
567	18659	0	Factura publicada en informes comerciales y en proceso judicial	2014-12-02	2014-07-31	2014-07-01	8	52548	t	f	18659
506	311068	0	Central/ Informa que factura se encuentra pendiente de pago.	2014-11-28	2014-11-01	2014-10-02	1	53401	t	f	311068
508	4508624	0	Central/ Informa que factura se encuentra pendiente de pago.	2014-11-28	2014-11-02	2014-10-03	1	53582	t	f	4508624
494	2431152	0	Factura cancelada	2014-12-01	2014-09-05	2014-08-06	7	52940	t	f	2431140
495	1589072	0	Factura cancelada	2014-12-01	2014-10-02	2014-09-02	7	53215	t	f	1589072
496	30854	0	Factura cancelada	2014-12-01	2014-10-03	2014-09-03	7	53267	t	f	30854
497	208250	0	Factura cancelada	2014-12-01	2014-10-03	2014-09-03	7	53268	t	f	208250
498	3851925	0	Factura cancelada	2014-12-01	2014-10-03	2014-09-03	7	53269	t	f	3851925
499	1570100	0	Factura cancelada	2014-12-01	2014-10-03	2014-09-03	7	53270	t	f	1570100
500	30673	0	Factura cancelada	2014-12-01	2014-10-03	2014-09-03	7	53271	t	f	30673
501	1902999	0	Factura cancelada	2014-12-01	2014-10-03	2014-09-03	7	53272	t	f	1902999
502	416500	0	Factura cancelada	2014-12-01	2014-10-03	2014-09-03	7	53273	t	f	416500
503	1938201	0	Factura cancelada	2014-12-01	2014-10-03	2014-09-03	7	53274	t	f	1938201
505	2027737	0	Factura cancelada	2014-12-01	2014-11-01	2014-10-02	7	53402	t	f	2027737
507	145775	0	Factura cancelada	2014-12-01	2014-11-02	2014-10-03	7	53581	t	f	145775
509	33058	0	Factura cancelada	2014-12-01	2014-11-02	2014-10-03	7	53583	t	f	33058
510	45815	0	Factura cancelada	2014-12-01	2014-11-02	2014-10-03	7	53584	t	f	45815
511	42942	0	Factura cancelada	2014-12-01	2014-11-02	2014-10-03	7	53585	t	f	42942
512	2355572	0	Factura cancelada	2014-12-01	2014-11-02	2014-10-03	7	53586	t	f	2355572
514	1305756	0	Factura cancelada	2014-12-01	2014-11-02	2014-10-03	7	53588	t	f	1305756
533	278460	0	Factura con mora excesiva. Publicados en el Boletin comercial y en proceso de cobranza judicial por parte del cliente	2014-12-04	2013-06-01	2013-05-02	8	47954	t	f	278460
531	177768	0	facturas publicadas en los boletines comercial por la mora de ellas.	2014-12-03	2014-10-10	2014-09-10	1	53297	t	f	174768
515	3883703	0	Factura cancelada en informe de Dom 	2014-12-04	2014-09-05	2014-08-06	5	52979	t	f	3883703
516	2912777	0	Factura cancelada en informe de Dom 	2014-12-04	2014-10-02	2014-09-02	5	53208	t	f	2912777
517	1618727	0	Factura cancelada en informe de Dom 	2014-12-04	2014-11-01	2014-10-02	5	53496	t	f	1618727
525	1763246	4	Factura cancelada en informe de Dom 	2014-12-04	2014-08-01	2014-07-02	5	1576	t	f	1763246
526	62494	4	Factura cancelada en informe de Dom 	2014-12-04	2014-08-01	2014-07-02	5	1577	t	f	62494
529	25897	0	Factura cancelada en informe de Dom 	2014-12-04	2014-10-01	2014-09-01	5	53157	t	f	25897
530	30877	0	Factura cancelada en informe de Dom 	2014-12-04	2014-11-01	2014-10-02	5	53470	t	f	30877
534	216580	0	Factura cancelada en informe de Dom 	2014-12-04	2014-10-02	2014-09-02	5	53220	t	f	216580
536	136750	0	Factura cancelada en informe de Dom 	2014-12-04	2014-11-02	2014-10-03	5	53552	t	f	136750
539	1089169	0	Factura cancelada en informe de Dom 	2014-12-04	2014-09-05	2014-08-06	5	21754	t	f	9000
540	568725	0	Factura cancelada en informe de Dom 	2014-12-04	2014-10-04	2014-09-04	5	21774	t	f	568725
541	457294	0	Factura cancelada en informe de Dom 	2014-12-04	2014-11-05	2014-10-06	5	21795	t	f	457294
624	104958	0	Factura en proceso de pago. llamar nuevamente a deudor para consultar fecha de pago.	2014-11-25	2014-11-01	2014-10-02	1	53424	t	f	104958
627	58560	0	Deudor con facturas con mas de 30 dias de mora. se conversa con haydee para saber que medidas tomaran con el deudor. 	2014-11-24	2012-11-02	2012-10-03	1	45574	t	f	58560
628	5712	0	Facturas en su proceso normal de pago	2014-11-27	2014-11-01	2014-10-02	1	53468	t	f	5712
570	735729	0	Factura publicada en informes comerciales y en proceso judicial	2014-12-02	2014-09-05	2014-08-06	8	52982	t	f	735729
572	71400	0	Factura publicada en informes comerciales y en proceso judicial	2014-12-02	2014-09-05	2014-08-06	8	52984	t	f	71400
573	424243	4	Factura publicada en informes comerciales y en proceso judicial	2014-12-02	2014-09-05	2014-08-06	8	1585	t	f	424243
575	522767	0	Factura publicada en informes comerciales y en proceso judicial	2014-12-02	2014-09-28	2014-08-29	8	53031	t	f	522767
576	2604758	0	Factura publicada en informes comerciales y en proceso judicial	2014-12-02	2014-10-02	2014-09-02	8	53211	t	f	2604758
578	2650832	0	Factura publicada en informes comerciales y en proceso judicial	2014-12-02	2014-10-02	2014-09-02	8	53213	t	f	2650832
579	17575	4	Factura publicada en informes comerciales y en proceso judicial	2014-12-02	2014-10-02	2014-09-02	8	1599	t	f	17575
581	4117292	0	Factura publicada en informes comerciales y en proceso judicial	2014-12-02	2014-11-02	2014-10-03	8	53539	t	f	4117292
582	428400	0	Factura publicada en informes comerciales y en proceso judicial	2014-12-02	2014-11-02	2014-10-03	8	53540	t	f	428400
584	539308	0	Factura publicada en informes comerciales y en proceso judicial	2014-12-02	2014-11-02	2014-10-03	8	53542	t	f	539308
585	1575354	0	Factura publicada en informes comerciales y en proceso judicial	2014-12-02	2014-11-02	2014-10-03	8	53543	t	f	1575354
587	818055	0	Factura publicada en informes comerciales y en proceso judicial	2014-12-02	2014-11-02	2014-10-03	8	53545	t	f	818055
588	1072666	0	Factura publicada en informes comerciales y en proceso judicial	2014-12-02	2014-11-02	2014-10-03	8	53546	t	f	1072666
595	38651	0	facturas publicadas en los boletines comercial por la mora de ellas.	2014-12-03	2014-05-03	2014-04-03	1	51598	t	f	38651
596	817943	0	facturas publicadas en los boletines comercial por la mora de ellas.	2014-12-03	2014-06-05	2014-05-06	1	51982	t	f	817943
598	143243	0	facturas publicadas en los boletines comercial por la mora de ellas.	2014-12-03	2014-07-03	2014-06-03	1	52261	t	f	143243
599	400	0	facturas publicadas en los boletines comercial por la mora de ellas.	2014-12-03	2014-07-03	2014-06-03	1	52263	t	f	400
601	143243	0	facturas publicadas en los boletines comercial por la mora de ellas.	2014-12-03	2014-07-31	2014-07-01	1	52517	t	f	143243
603	179053	0	facturas publicadas en los boletines comercial por la mora de ellas.	2014-12-03	2014-09-04	2014-08-05	1	52897	t	f	179053
604	138127	0	facturas publicadas en los boletines comercial por la mora de ellas.	2014-12-03	2014-10-01	2014-09-01	1	53121	t	f	138127
631	1925230	0	facturas publicadas en los boletines comercial por la mora de ellas.	2014-12-03	2014-03-01	2014-01-30	1	21620	t	f	1925230
632	-11156	3	facturas publicadas en los boletines comercial por la mora de ellas.	2014-12-03	2014-06-04	2014-05-30	1	4321	t	f	-2
591	1821740	0	Factura publicada en el boletin comercial	2014-12-02	2014-09-21	2014-08-22	1	53012	t	f	1821740
592	542438	0	Factura publicada en el boletin comercial	2014-12-02	2014-10-02	2014-09-02	1	53218	t	f	542438
593	294711	0	Factura publicada en el boletin comercial	2014-12-02	2014-10-02	2014-09-02	1	53219	t	f	294711
606	533096	0	Factura publicada en el boletin comercial	2014-12-02	2014-09-04	2014-08-05	1	52891	t	f	226022
607	486100	0	Factura publicada en el boletin comercial	2014-12-02	2014-10-01	2014-09-01	1	53055	t	f	486100
609	308448	0	Factura publicada en el boletin comercial	2014-12-02	2014-10-01	2014-09-01	1	53127	t	f	308448
610	424759	0	Factura publicada en el boletin comercial	2014-12-02	2014-10-01	2014-09-01	1	53128	t	f	424759
611	108451	0	Factura publicada en el boletin comercial	2014-12-02	2014-11-01	2014-10-02	1	53414	t	f	108451
613	354144	0	Factura publicada en el boletin comercial	2014-12-02	2014-11-01	2014-10-02	1	53455	t	f	354144
614	487686	0	Factura publicada en el boletin comercial	2014-12-02	2014-11-01	2014-10-02	1	53456	t	f	487686
615	2992792	0	Factura cancelada en informe de Dom 	2014-12-04	2014-06-21	2014-05-22	5	21706	t	f	2992792
616	104958	0	Factura cancelada en informe de Dom 	2014-12-04	2014-10-02	2014-09-02	5	53183	t	f	104958
618	41650	0	Factura cancelada en informe de Dom 	2014-12-04	2014-10-02	2014-09-02	5	53185	t	f	41650
619	103169	0	Factura cancelada en informe de Dom 	2014-12-04	2014-10-02	2014-09-02	5	53186	t	f	103169
620	6016013	0	Factura cancelada en informe de Dom 	2014-12-04	2014-10-10	2014-09-10	5	53298	t	f	6016013
626	170241	0	Factura cancelada en informe de Dom 	2014-12-04	2014-11-01	2014-10-02	5	53410	t	f	170241
629	178257	0	Factura cancelada en informe de Dom 	2014-12-04	2014-10-02	2014-09-02	5	53204	t	f	178257
630	198064	0	Factura cancelada en informe de Dom 	2014-12-04	2014-11-01	2014-10-02	5	53491	t	f	198064
633	794852	0	Factura cancelada en informe de Dom 	2014-12-04	2014-09-04	2014-08-05	5	52878	t	f	794852
635	25728	0	Factura cancelada en informe de Dom 	2014-12-04	2014-11-05	2014-10-06	5	53595	t	f	25728
636	159980	0	Factura cancelada en informe de Dom 	2014-12-04	2014-11-05	2014-10-06	5	53596	t	f	159980
637	54005	0	Factura cancelada en informe de Dom 	2014-12-04	2014-10-01	2014-09-01	5	53112	t	f	54005
638	581301	0	Factura cancelada en informe de Dom 	2014-12-04	2014-10-01	2014-09-01	5	53113	t	f	581301
640	5119037	0	Factura cancelada en informe de Dom 	2014-12-04	2014-11-01	2014-10-02	5	53404	t	f	5119037
641	678795	0	Factura cancelada en informe de Dom 	2014-12-04	2014-11-01	2014-10-02	5	53405	t	f	678795
642	37123	0	Factura cancelada en informe de Dom 	2014-12-04	2014-11-01	2014-10-02	5	53406	t	f	37123
643	534132	0	Factura cancelada en informe de Dom 	2014-12-04	2014-07-31	2014-07-01	5	52476	t	f	534132
687	1163349	0	Factura cancelada segun informe de DOM S.A.	2014-12-04	2014-04-04	2014-03-05	5	51329	t	f	387945
691	421929	0	Factura cancelada segun informe de DOM S.A.	2014-12-04	2014-06-04	2014-05-05	5	51829	t	f	421929
693	151395	0	Factura cancelada segun informe de DOM S.A.	2014-12-04	2014-07-03	2014-06-03	5	52245	t	f	151395
700	2619789	0	se llamo a gonzalo paredes y no hay respuesta, se consultara nuevamente el dia jueves 12/02	2015-02-12	2014-10-10	2014-09-10	1	53300	t	f	2619789
708	6592376	0	Facturas publicada en el boletin comercial, a la espera de instrucciones de Dom 	2014-12-03	2014-06-14	2014-05-15	1	52073	t	f	6592376
710	4773495	0	Facturas publicada en el boletin comercial, a la espera de instrucciones de Dom 	2014-12-03	2014-07-31	2014-07-01	1	52455	t	f	4773495
712	1904000	0	Facturas publicada en el boletin comercial, a la espera de instrucciones de Dom 	2014-12-03	2014-08-08	2014-07-09	1	52689	t	f	1904000
714	223339	0	Facturas publicada en el boletin comercial, a la espera de instrucciones de Dom 	2014-12-03	2014-09-03	2014-08-04	1	52808	t	f	223339
715	1315700	0	Facturas publicada en el boletin comercial, a la espera de instrucciones de Dom 	2014-12-03	2014-09-03	2014-08-04	1	52809	t	f	1315700
717	2495055	0	Facturas publicada en el boletin comercial, a la espera de instrucciones de Dom 	2014-12-03	2014-10-03	2014-09-03	1	53262	t	f	2495055
695	89155	0	Gonzalo Paredes/ Pago Provee/ indica que facturas aun no se encuentran registradas en sus sistemas y debemos comunicarnos con las distintas obras	2014-12-04	2014-07-19	2014-06-19	1	52407	t	f	89155
702	108290	0	Gonzalo Paredes/ Pago Provee/ indica que facturas aun no se encuentran registradas en sus sistemas y debemos comunicarnos con las distintas obras	2014-12-04	2014-11-01	2014-10-02	1	53408	t	f	108290
675	583527	4	Deudor publicado en los informes comerciales	2014-12-03	2014-09-05	2014-08-06	1	1597	t	f	583527
676	5255466	4	Deudor publicado en los informes comerciales	2014-12-03	2014-10-02	2014-09-02	1	1600	t	f	5255466
678	604848	4	Deudor publicado en los informes comerciales	2014-12-03	2014-10-02	2014-09-02	1	1602	t	f	604848
679	2380183	4	Deudor publicado en los informes comerciales	2014-12-03	2014-10-02	2014-09-02	1	1603	t	f	2380183
680	174142	4	Deudor publicado en los informes comerciales	2014-12-03	2014-10-02	2014-09-02	1	1604	t	f	174142
682	201705	4	Deudor publicado en los informes comerciales	2014-12-03	2014-11-01	2014-10-02	1	1632	t	f	201705
683	2632197	4	Deudor publicado en los informes comerciales	2014-12-03	2014-11-01	2014-10-02	1	1633	t	f	2632197
684	158579	4	Deudor publicado en los informes comerciales	2014-12-03	2014-11-01	2014-10-02	1	1634	t	f	158579
651	353678	4	facturas publicadas en los boletines comercial por la mora de ellas.	2014-12-03	2013-10-03	2013-10-03	1	1449	t	f	353678
652	15671262	0	facturas publicadas en los boletines comercial por la mora de ellas.	2014-12-03	2014-04-09	2014-03-10	1	51340	t	f	15671262
653	341679	0	facturas publicadas en los boletines comercial por la mora de ellas.	2014-12-03	2014-04-09	2014-03-10	1	51338	t	f	341679
654	698716	0	facturas publicadas en los boletines comercial por la mora de ellas.	2014-12-03	2014-05-01	2014-04-01	1	51397	t	f	698716
655	24609	0	facturas publicadas en los boletines comercial por la mora de ellas.	2014-12-03	2014-05-01	2014-04-01	1	51398	t	f	24609
656	978242	0	facturas publicadas en los boletines comercial por la mora de ellas.	2014-12-03	2014-06-04	2014-05-05	1	51830	t	f	978242
657	38032	0	facturas publicadas en los boletines comercial por la mora de ellas.	2014-12-03	2014-06-04	2014-05-05	1	51831	t	f	38032
659	32439	0	facturas publicadas en los boletines comercial por la mora de ellas.	2014-12-03	2014-07-03	2014-06-03	1	52247	t	f	32439
660	686686	0	facturas publicadas en los boletines comercial por la mora de ellas.	2014-12-03	2014-07-31	2014-07-01	1	52473	t	f	686686
662	816887	0	facturas publicadas en los boletines comercial por la mora de ellas.	2014-12-03	2014-09-03	2014-08-04	1	52810	t	f	816887
664	-816887	3	facturas publicadas en los boletines comercial por la mora de ellas.	2014-12-03	2014-10-06	2014-09-30	1	4360	t	f	-816887
665	-38032	3	facturas publicadas en los boletines comercial por la mora de ellas.	2014-12-03	2014-10-06	2014-09-30	1	4361	t	f	-38032
668	4465880	0	facturas publicadas en los boletines comercial por la mora de ellas.	2014-12-03	2014-09-05	2014-08-06	1	52910	t	f	4465880
669	3222582	0	facturas publicadas en los boletines comercial por la mora de ellas.	2014-12-03	2014-10-02	2014-09-02	1	53250	t	f	3222582
644	102935	0	Factura cancelada en informe de Dom 	2014-12-04	2014-09-03	2014-08-04	5	52814	t	f	102935
645	-125902	3	Factura cancelada en informe de Dom 	2014-12-04	2014-08-22	2014-08-22	5	4355	t	f	-125902
646	7213923	0	Factura cancelada en informe de Dom 	2014-12-04	2014-11-01	2014-10-02	5	53422	t	f	7213923
647	554956	0	Factura cancelada en informe de Dom 	2014-12-04	2014-11-01	2014-10-02	5	53423	t	f	554956
649	12785	0	Factura cancelada en informe de Dom 	2014-12-04	2014-09-03	2014-08-04	5	52737	t	f	12785
650	-196921	3	Factura cancelada en informe de Dom 	2014-12-04	2014-08-18	2014-08-18	5	4351	t	f	-196921
667	424923	0	Factura cancelada en informe de Dom 	2014-12-04	2014-10-01	2014-09-01	5	53140	t	f	424923
685	1188096	0	Factura cancelada en informe de Dom 	2014-12-04	2014-10-04	2014-09-04	5	21762	t	f	1188096
704	2820062	0	Factura cancelada en informe de Dom 	2014-12-04	2014-10-01	2014-09-01	5	53063	t	f	2820062
705	2904909	0	Factura cancelada en informe de Dom 	2014-12-04	2014-11-01	2014-10-02	5	53388	t	f	2904909
706	150999	0	Factura cancelada en informe de Dom 	2014-12-04	2014-11-01	2014-10-02	5	53389	t	f	150999
707	4998	0	Factura cancelada en informe de Dom 	2014-12-04	2014-11-01	2014-10-02	5	53390	t	f	4998
770	192145	0	Factura con mora pendiente de pago. Dom analiza situacion de deudor	2014-11-27	2014-09-03	2014-08-04	1	52745	t	f	192145
772	1239408	0	Factura con mora pendiente de pago. Dom analiza situacion de deudor	2014-11-27	2014-09-03	2014-08-04	1	52748	t	f	1239408
773	-142925	3	Factura con mora pendiente de pago. Dom analiza situacion de deudor	2014-11-27	2014-08-13	2014-08-13	1	4345	t	f	-142925
776	169539	0	facturas pendientes de pago. llamar jueves 04-12-14	2014-12-04	2014-11-01	2014-10-02	1	53507	t	f	169539
784	1118939	0	Factura con mora pendiente de pago. Dom analiza situacion de deudor	2014-11-27	2014-04-02	2014-03-03	1	51263	t	f	254993
785	1088855	0	Factura con mora pendiente de pago. Dom analiza situacion de deudor	2014-11-27	2014-07-31	2014-07-01	1	52565	t	f	1088855
787	318563	0	Factura con mora pendiente de pago. Dom analiza situacion de deudor	2014-11-27	2014-09-03	2014-08-04	1	52841	t	f	318563
788	180126	0	Factura con mora pendiente de pago. Dom analiza situacion de deudor	2014-11-27	2014-09-03	2014-08-04	1	52842	t	f	180126
790	1854498	0	Factura con mora pendiente de pago. Dom analiza situacion de deudor	2014-11-27	2014-10-02	2014-09-02	1	53246	t	f	1854498
791	1982395	0	Factura con mora pendiente de pago. Dom analiza situacion de deudor	2014-11-27	2014-11-02	2014-10-03	1	53565	t	f	1982395
793	435718	0	Factura con mora pendiente de pago. Dom analiza situacion de deudor	2014-11-27	2014-06-05	2014-05-06	1	51941	t	f	435718
721	66259	0	Facturas publicada en el boletin comercial, a la espera de instrucciones de Dom 	2014-12-03	2014-11-01	2014-10-02	1	53429	t	f	66259
722	2620811	0	Facturas publicada en el boletin comercial, a la espera de instrucciones de Dom 	2014-12-03	2014-11-01	2014-10-02	1	53430	t	f	2620811
780	760929	0	Nelsa Jaime/ Pago Provee/ indica que factura se encuentra pendiente de pago.	2014-11-27	2014-08-01	2014-07-02	1	52578	t	f	760929
782	481386	0	Nelsa Jaime/ Pago Provee/ indica que factura se encuentra pendiente de pago.	2014-11-27	2014-10-02	2014-09-02	1	53257	t	f	481386
783	464997	0	Nelsa Jaime/ Pago Provee/ indica que factura se encuentra pendiente de pago.	2014-11-27	2014-11-02	2014-10-03	1	53567	t	f	464997
767	2792982	0	facturas publicadas en los boletines comercial por la mora de ellas.	2014-12-03	2014-06-05	2014-05-06	1	51949	t	f	2792982
778	158159	0	facturas publicadas en los boletines comercial por la mora de ellas.	2014-12-03	2014-03-06	2014-02-04	1	50904	t	f	158159
754	4498888	0	Factura publicada en el boletin comercial	2014-12-02	2014-09-04	2014-08-05	1	52872	t	f	4498888
755	-456127	3	Factura publicada en el boletin comercial	2014-12-02	2014-08-22	2014-08-22	1	4354	t	f	-456127
756	4498888	0	Factura publicada en el boletin comercial	2014-12-02	2014-10-01	2014-09-01	1	53062	t	f	4498888
732	1285676	0	Factura cancelada en informe de Dom 	2014-12-04	2014-10-01	2014-09-01	5	53066	t	f	1285676
733	1126114	0	Factura cancelada en informe de Dom 	2014-12-04	2014-10-01	2014-09-01	5	53067	t	f	1126114
734	303450	0	Factura cancelada en informe de Dom 	2014-12-04	2014-11-01	2014-10-02	5	53393	t	f	303450
735	8719236	0	Factura cancelada en informe de Dom 	2014-12-04	2014-11-01	2014-10-02	5	53394	t	f	8719236
737	190049	0	Factura cancelada en informe de Dom 	2014-12-04	2014-10-01	2014-09-01	5	53102	t	f	190049
738	218204	0	Factura cancelada en informe de Dom 	2014-12-04	2014-11-01	2014-10-02	5	53397	t	f	218204
745	1731272	0	Se intentan reiterados contactos con pago proveedores sin tener exito. llamar nuevamente para consultar por estado de factura	2014-11-26	2014-11-01	2014-10-02	1	53515	t	f	1731272
747	5197254	0	Factura cancelada en informe de Dom 	2014-12-04	2014-09-04	2014-08-05	5	52871	t	f	1197254
748	4009310	0	Factura cancelada en informe de Dom 	2014-12-04	2014-10-01	2014-09-01	5	53060	t	f	4009310
749	859166	0	Factura cancelada en informe de Dom 	2014-12-04	2014-10-01	2014-09-01	5	53061	t	f	859166
751	2521564	0	Factura cancelada en informe de Dom 	2014-12-04	2014-11-01	2014-10-02	5	53385	t	f	2521564
758	1106591	0	Factura cancelada en informe de Dom 	2014-12-04	2014-10-03	2014-09-03	5	53280	t	f	1106591
759	1106591	0	Factura cancelada en informe de Dom 	2014-12-04	2014-10-31	2014-10-01	5	53368	t	f	1106591
760	222470	0	Factura cancelada en informe de Dom 	2014-12-04	2014-09-05	2014-08-06	5	21746	t	f	222470
762	13090	0	Factura cancelada en informe de Dom 	2014-12-04	2014-10-04	2014-09-04	5	21767	t	f	13090
763	1659479	0	Factura cancelada en informe de Dom 	2014-12-04	2014-11-05	2014-10-06	5	21786	t	f	1659479
764	257397	0	Factura cancelada en informe de Dom 	2014-12-04	2014-11-05	2014-10-06	5	21787	t	f	257397
765	716435	0	Factura cancelada en informe de Dom 	2014-12-04	2014-10-01	2014-09-01	5	53125	t	f	716435
726	174276	0	Factura en proceso de pago. llamar nuevamente a deudor para consultar fecha de pago.	2014-11-25	2014-10-02	2014-09-02	1	53194	t	f	174276
728	509796	0	Factura en proceso de pago. llamar nuevamente a deudor para consultar fecha de pago.	2014-11-25	2014-11-01	2014-10-02	1	53510	t	f	509796
729	819960	0	Factura en proceso de pago. llamar nuevamente a deudor para consultar fecha de pago.	2014-11-25	2014-11-01	2014-10-02	1	53511	t	f	819960
731	115073	0	Factura en proceso de pago. llamar nuevamente a deudor para consultar fecha de pago.	2014-11-25	2014-11-01	2014-10-02	1	53513	t	f	115073
743	718938	0	Se intentan reiterados contactos con pago proveedores sin tener exito. llamar nuevamente para consultar por estado de factura	2014-11-26	2014-09-03	2014-08-04	1	52819	t	f	718938
739	631176	0	Facturas en su proceso normal de pago	2014-11-27	2014-11-01	2014-10-02	1	53498	t	f	631176
740	1155594	0	Facturas en su proceso normal de pago	2014-11-27	2014-11-01	2014-10-02	1	53499	t	f	1155594
742	30140	0	Facturas en su proceso normal de pago	2014-11-27	2014-11-01	2014-10-02	1	53435	t	f	30140
746	620437	0	Facturas en su proceso normal de pago	2014-11-27	2014-11-02	2014-10-03	1	53593	t	f	620437
768	741727	0	Facturas en su proceso normal de pago	2014-11-27	2014-11-02	2014-10-03	1	53575	t	f	741727
769	469445	0	Facturas en su proceso normal de pago	2014-11-27	2014-11-02	2014-10-03	1	53576	t	f	469445
794	660926	0	Factura con mora pendiente de pago. Dom analiza situacion de deudor	2014-11-27	2014-06-12	2014-05-13	1	52053	t	f	660926
796	-315826	3	Factura con mora pendiente de pago. Dom analiza situacion de deudor	2014-11-27	2014-07-15	2014-07-15	1	4340	t	f	-315826
797	10661686	0	Factura con mora pendiente de pago. Dom analiza situacion de deudor	2014-11-27	2014-09-03	2014-08-04	1	52838	t	f	10661686
799	5255797	0	Factura con mora pendiente de pago. Dom analiza situacion de deudor	2014-11-27	2014-10-02	2014-09-02	1	53242	t	f	5255797
800	13979922	0	Factura con mora pendiente de pago. Dom analiza situacion de deudor	2014-11-27	2014-10-26	2014-09-26	1	53309	t	f	13979922
802	13482262	0	Factura con mora pendiente de pago. Dom analiza situacion de deudor	2014-11-27	2014-11-02	2014-10-03	1	53562	t	f	13482262
842	525123	0	Factura con mora pendiente de pago. Dom analiza situacion de deudor	2014-11-27	2014-08-31	2014-08-01	1	52717	t	f	525123
844	476250	0	Factura con mora pendiente de pago. Dom analiza situacion de deudor	2014-11-27	2014-10-02	2014-09-02	1	53149	t	f	476250
845	319841	0	Factura con mora pendiente de pago. Dom analiza situacion de deudor	2014-11-27	2014-11-01	2014-10-02	1	53442	t	f	319841
849	1279106	0	Factura con mora pendiente de pago. Dom analiza situacion de deudor	2014-11-27	2014-07-03	2014-06-03	1	52326	t	f	1279106
850	856800	0	Factura con mora pendiente de pago. Dom analiza situacion de deudor	2014-11-27	2014-07-19	2014-06-19	1	52403	t	f	856800
852	1937488	0	Factura con mora pendiente de pago. Dom analiza situacion de deudor	2014-11-27	2014-07-31	2014-07-01	1	52554	t	f	1937488
854	2543348	0	Factura con mora pendiente de pago. Dom analiza situacion de deudor	2014-11-27	2014-10-02	2014-09-02	1	53237	t	f	2543348
826	3976896	0	facturas publicadas en los boletines comercial por la mora de ellas.	2014-12-03	2014-05-24	2014-04-24	1	51740	t	f	3976896
827	3976896	0	facturas publicadas en los boletines comercial por la mora de ellas.	2014-12-03	2014-06-04	2014-05-05	1	51932	t	f	3976896
828	1289098	0	facturas publicadas en los boletines comercial por la mora de ellas.	2014-12-03	2014-06-04	2014-05-05	1	51933	t	f	1289098
830	3976896	0	facturas publicadas en los boletines comercial por la mora de ellas.	2014-12-03	2014-09-05	2014-08-06	1	52947	t	f	3976896
832	63124	4	facturas publicadas en los boletines comercial por la mora de ellas.	2014-12-03	2014-09-25	2014-09-25	1	1529	t	f	63124
833	539398	4	facturas publicadas en los boletines comercial por la mora de ellas.	2014-12-03	2014-09-25	2014-09-25	1	1530	t	f	539398
867	1277	0	facturas publicadas en los boletines comercial por la mora de ellas.	2014-12-03	2014-07-03	2014-06-03	1	52332	t	f	1277
868	1233	0	facturas publicadas en los boletines comercial por la mora de ellas.	2014-12-03	2014-07-31	2014-07-01	1	52559	t	f	1233
861	241451	0	Factura publicada en el boletin comercial	2014-12-02	2014-09-05	2014-08-06	1	52927	t	f	241451
862	4225559	0	Factura publicada en el boletin comercial	2014-12-02	2014-09-05	2014-08-06	1	52928	t	f	4225559
863	66938	0	Factura publicada en el boletin comercial	2014-12-02	2014-10-03	2014-09-03	1	53284	t	f	66938
865	4525522	0	Factura publicada en el boletin comercial	2014-12-02	2014-10-31	2014-10-01	1	53373	t	f	4525522
803	145942	0	Factura cancelada en informe de Dom 	2014-12-04	2014-07-31	2014-07-01	5	52443	t	f	145942
804	92163	0	Factura cancelada en informe de Dom 	2014-12-04	2014-07-31	2014-07-01	5	52444	t	f	92163
805	5205440	0	Factura cancelada en informe de Dom 	2014-12-04	2014-07-31	2014-07-01	5	52446	t	f	5205440
807	2264392	0	Factura cancelada en informe de Dom 	2014-12-04	2014-08-24	2014-07-25	5	52710	t	f	2264392
808	5205440	0	Factura cancelada en informe de Dom 	2014-12-04	2014-09-04	2014-08-05	5	52873	t	f	5205440
809	1087253	0	Factura cancelada en informe de Dom 	2014-12-04	2014-09-04	2014-08-05	5	52874	t	f	1087253
810	5205440	0	Factura cancelada en informe de Dom 	2014-12-04	2014-10-01	2014-09-01	5	53064	t	f	5205440
812	2900970	0	Factura cancelada en informe de Dom 	2014-12-04	2014-11-01	2014-10-02	5	53391	t	f	2900970
813	5205440	0	Factura cancelada en informe de Dom 	2014-12-04	2014-11-01	2014-10-02	5	53392	t	f	5205440
814	356512	0	Factura cancelada en informe de Dom 	2014-12-04	2014-07-03	2014-06-03	5	52296	t	f	356512
816	683673	0	Factura cancelada en informe de Dom 	2014-12-04	2014-08-01	2014-07-02	5	52605	t	f	683673
817	-80515	3	Factura cancelada en informe de Dom 	2014-12-04	2014-07-11	2014-07-11	5	4339	t	f	-80515
818	88465	0	Factura cancelada en informe de Dom 	2014-12-04	2014-08-14	2014-07-15	5	52696	t	f	88465
819	22408	0	Factura cancelada en informe de Dom 	2014-12-04	2014-09-05	2014-08-06	5	52985	t	f	22408
821	268422	4	Factura cancelada en informe de Dom 	2014-12-04	2014-10-05	2014-09-05	5	1613	t	f	268422
822	22051	4	Factura cancelada en informe de Dom 	2014-12-04	2014-10-10	2014-09-10	5	1614	t	f	22051
823	3158517	0	Factura cancelada en informe de Dom 	2014-12-04	2014-10-24	2014-09-24	5	53304	t	f	3158517
835	339388	0	Factura cancelada en informe de Dom 	2014-12-04	2014-09-05	2014-08-06	5	21751	t	f	339388
837	5565875	0	Factura cancelada en informe de Dom 	2014-12-04	2014-10-04	2014-09-04	5	21776	t	f	5565875
838	35700	0	Factura cancelada en informe de Dom 	2014-12-04	2014-10-04	2014-09-04	5	21777	t	f	35700
839	410204	0	Factura cancelada en informe de Dom 	2014-12-04	2014-10-04	2014-09-04	5	21778	t	f	410204
841	1015983	0	Factura cancelada en informe de Dom 	2014-12-04	2014-11-05	2014-10-06	5	21793	t	f	1015983
855	2615061	0	Factura con mora pendiente de pago. Dom analiza situacion de deudor	2014-11-27	2014-11-01	2014-10-02	1	53434	t	f	2615061
857	636705	0	Deudor indica que factura se encuentra en proceso de pago. solicita que nos comuniquemos nuevamente.	2014-11-26	2014-09-04	2014-08-05	1	52877	t	f	636705
859	2799437	0	Deudor indica que factura se encuentra en proceso de pago. solicita que nos comuniquemos nuevamente.	2014-11-26	2014-10-01	2014-09-01	1	53070	t	f	2799437
847	25549	0	Luis Silva/ informa que tiene problemas con esa facturas y se esta conversando directamente con DOM S.A. Solicitar informacion a Haydee	2014-11-26	2014-11-01	2014-10-02	1	53472	t	f	25549
942	723910	4	Deudor indica que no saco pago esta semana, solicita que llamemos dentro del 26-11-14 para consultar por estado de factura	2014-11-25	2014-09-05	2014-08-06	1	1594	t	f	723910
944	1537428	0	Deudor indica que no saco pago esta semana, solicita que llamemos dentro del 26-11-14 para consultar por estado de factura	2014-11-25	2014-10-03	2014-09-03	1	53290	t	f	1537428
893	619566	0	Carga masiva	2014-11-07	2014-10-02	2014-09-02	1	53150	t	f	619566
881	7997140	0	Deudor indica que factura se encuentra en proceso de pago. solicita que nos comuniquemos nuevamente.	2014-11-26	2014-09-04	2014-08-05	1	52882	t	f	7997140
882	7997140	0	Deudor indica que factura se encuentra en proceso de pago. solicita que nos comuniquemos nuevamente.	2014-11-26	2014-10-01	2014-09-01	1	53105	t	f	7997140
898	547448	0	Deudor con facturas con mas de 30 dias de mora. se conversa con haydee para saber que medidas tomaran con el deudor. 	2014-11-24	2014-11-02	2014-10-03	1	53556	t	f	547448
896	574361	0	Deudor con facturas con mas de 30 dias de mora. se conversa con haydee para saber que medidas tomaran con el deudor. 	2014-11-24	2014-09-03	2014-08-04	1	52827	t	f	574361
871	16879	0	Deudor con facturas con mas de 30 dias de mora. se conversa con haydee para saber que medidas tomaran con el deudor. 	2014-11-24	2014-09-05	2014-08-06	1	52992	t	f	16879
873	15004	0	Deudor con facturas con mas de 30 dias de mora. se conversa con haydee para saber que medidas tomaran con el deudor. 	2014-11-24	2014-11-02	2014-10-03	1	53532	t	f	15004
884	2312786	0	Deudor indica que factura se encuentra en proceso de pago. solicita que nos comuniquemos nuevamente.	2014-11-26	2014-10-01	2014-09-01	1	53104	t	f	2312786
887	7997140	0	Deudor indica que factura se encuentra en proceso de pago. solicita que nos comuniquemos nuevamente.	2014-11-26	2014-11-01	2014-10-02	1	53477	t	f	7997140
894	2302971	0	Facturas en su proceso normal de pago	2014-11-27	2014-11-01	2014-10-02	1	53443	t	f	2302971
895	261876	0	Facturas en su proceso normal de pago	2014-11-27	2014-11-01	2014-10-02	1	53444	t	f	261876
914	828021	0	Facturas canceladas	2014-11-26	2013-11-01	2013-10-02	5	21511	t	f	828021
915	4795696	0	Facturas canceladas	2014-11-26	2013-11-09	2013-10-10	5	21517	t	f	4795696
916	291103	4	Facturas canceladas	2014-11-26	2013-10-25	2013-10-25	5	491	t	f	291103
917	28405	4	Facturas canceladas	2014-11-26	2013-10-25	2013-10-25	5	492	t	f	28405
918	17204	4	Facturas canceladas	2014-11-26	2013-10-25	2013-10-25	5	488	t	f	17204
919	16318	4	Facturas canceladas	2014-11-26	2013-10-25	2013-10-25	5	489	t	f	16318
920	220262	4	Facturas canceladas	2014-11-26	2013-10-25	2013-10-25	5	490	t	f	220262
921	1739722	0	Facturas canceladas	2014-11-26	2013-12-04	2013-11-04	5	21541	t	f	1739722
923	14454573	0	Facturas canceladas	2014-11-26	2013-12-04	2013-11-04	5	21543	t	f	14454573
924	11107410	0	Facturas canceladas	2014-11-26	2013-12-04	2013-11-04	5	21544	t	f	11107410
925	14146500	0	Facturas canceladas	2014-11-26	2014-01-04	2013-12-05	5	21575	t	f	14146500
926	14454573	0	Facturas canceladas	2014-11-26	2014-01-04	2013-12-05	5	21576	t	f	14454573
927	1522467	0	Facturas canceladas	2014-11-26	2014-01-04	2013-12-05	5	21577	t	f	1522467
928	4088750	0	Facturas canceladas	2014-11-26	2014-01-04	2013-12-05	5	21578	t	f	4088750
929	53550	0	Facturas canceladas	2014-11-26	2014-01-04	2013-12-05	5	21573	t	f	53550
930	8858479	0	Facturas canceladas	2014-11-26	2014-01-04	2013-12-05	5	21574	t	f	8858479
931	8079112	4	Facturas canceladas	2014-11-26	2014-01-29	2013-12-30	5	444	t	f	8079112
933	12726789	4	Facturas canceladas	2014-11-26	2014-02-05	2014-01-06	5	443	t	f	12726789
934	1811846	4	Facturas canceladas	2014-11-26	2014-02-05	2014-01-06	5	442	t	f	1811846
935	14454573	4	Facturas canceladas	2014-11-26	2014-02-05	2014-01-06	5	446	t	f	14454573
936	1564860	4	Facturas canceladas	2014-11-26	2014-02-05	2014-01-06	5	447	t	f	1564860
899	1477623	0	Facturas en su proceso normal de pago	2014-11-27	2014-11-01	2014-10-02	1	53417	t	f	1477623
900	5409835	0	Facturas en su proceso normal de pago	2014-11-27	2014-11-01	2014-10-02	1	53418	t	f	5409835
888	5371267	0	Atencion Proveedores los dias viernes. factura con retraso en su pago.	2014-11-21	2014-07-31	2014-07-01	1	52470	t	f	2071225
890	40817	0	Atencion Proveedores los dias viernes. factura con retraso en su pago.	2014-11-21	2014-10-02	2014-09-02	1	53188	t	f	40817
876	3262602	4	Sebastian Moreno/ provee/ solo informa pago por Maestra, el resto de las factura aun se encuentran pendientes de pago.	2014-12-03	2014-09-10	2014-09-10	1	1615	t	f	3262602
878	799985	4	Sebastian Moreno/ provee/ solo informa pago por Maestra, el resto de las factura aun se encuentran pendientes de pago.	2014-12-03	2014-10-02	2014-10-02	1	1619	t	f	799985
904	379677	4	Se intentan reiterados contactos sin tener exito. atiende solo los dias jueves	2014-11-27	2014-03-07	2014-02-05	1	1533	t	f	379677
905	1605405	0	Se intentan reiterados contactos sin tener exito. atiende solo los dias jueves	2014-11-27	2014-07-31	2014-07-01	1	52428	t	f	1605405
907	79609	0	Se intentan reiterados contactos sin tener exito. atiende solo los dias jueves	2014-11-27	2014-08-01	2014-07-02	1	52611	t	f	79609
909	82242	0	Se intentan reiterados contactos sin tener exito. atiende solo los dias jueves	2014-11-27	2014-08-01	2014-07-02	1	52618	t	f	82242
910	1155764	0	Se intentan reiterados contactos sin tener exito. atiende solo los dias jueves	2014-11-27	2014-08-31	2014-08-01	1	52719	t	f	1155764
912	11850477	0	Se intentan reiterados contactos sin tener exito. atiende solo los dias jueves	2014-11-27	2014-09-20	2014-08-21	1	53010	t	f	11850477
938	247139	0	Se intentan reiterados contactos sin tener exito. atiende solo los dias jueves	2014-11-27	2014-10-30	2014-09-30	1	53310	t	f	247139
891	9880468	0	Atencion Proveedores los dias viernes. factura con retraso en su pago.	2014-11-21	2014-10-02	2014-09-02	1	53189	t	f	9880468
939	169687	0	Deudor indica que no saco pago esta semana, solicita que llamemos dentro del 26-11-14 para consultar por estado de factura	2014-11-25	2014-07-31	2014-07-01	1	52433	t	f	169687
901	2223076	0	Facturas en su proceso normal de pago	2014-11-27	2014-11-01	2014-10-02	1	53419	t	f	2223076
902	646018	0	Facturas en su proceso normal de pago	2014-11-27	2014-11-01	2014-10-02	1	53411	t	f	646018
1001	3035	0	Factura con mora pendiente de pago. Dom analiza situacion de deudor	2014-11-27	2014-08-01	2014-07-02	1	52630	t	f	3035
1002	72610	0	Factura con mora pendiente de pago. Dom analiza situacion de deudor	2014-11-27	2014-09-03	2014-08-04	1	52757	t	f	72610
1003	3338	0	Factura con mora pendiente de pago. Dom analiza situacion de deudor	2014-11-27	2014-09-03	2014-08-04	1	52759	t	f	3338
1005	176291	0	Factura con mora pendiente de pago. Dom analiza situacion de deudor	2014-11-27	2014-09-03	2014-08-04	1	52760	t	f	176291
1006	91005	0	Factura con mora pendiente de pago. Dom analiza situacion de deudor	2014-11-27	2014-09-18	2014-08-19	1	53005	t	f	91005
1008	3463959	0	Factura con mora pendiente de pago. Dom analiza situacion de deudor	2014-11-27	2014-10-03	2014-09-03	1	53293	t	f	3463959
1009	353397	0	Factura a la espera de V°B° para ser cancelada	2014-11-25	2014-10-01	2014-09-01	1	53042	t	f	353397
1011	153173	0	Factura a la espera de V°B° para ser cancelada	2014-11-25	2014-10-31	2014-10-01	1	53320	t	f	153173
1012	485643	0	Factura a la espera de V°B° para ser cancelada	2014-11-25	2014-10-31	2014-10-01	1	53321	t	f	485643
946	131314	4	Deudor indica que no saco pago esta semana, solicita que llamemos dentro del 26-11-14 para consultar por estado de factura	2014-11-25	2014-10-03	2014-09-03	1	1609	t	f	131314
949	136004	4	Deudor indica que no saco pago esta semana, solicita que llamemos dentro del 26-11-14 para consultar por estado de factura	2014-11-25	2014-11-01	2014-10-02	1	1621	t	f	136004
951	65010	0	Deudor indica que no saco pago esta semana, solicita que llamemos dentro del 26-11-14 para consultar por estado de factura	2014-11-25	2014-11-01	2014-10-02	1	53376	t	f	65010
952	1315929	0	Deudor indica que no saco pago esta semana, solicita que llamemos dentro del 26-11-14 para consultar por estado de factura	2014-11-25	2014-11-01	2014-10-02	1	53377	t	f	1315929
991	473739	0	Atencion a proveedores los dias miercoles. Depto. pago proveedores indica que proxima nomina de pago 26-11-14	2014-11-25	2014-09-05	2014-08-06	1	52945	t	f	473739
992	473739	0	Atencion a proveedores los dias miercoles. Depto. pago proveedores indica que proxima nomina de pago 26-11-14	2014-11-25	2014-10-03	2014-09-03	1	53275	t	f	473739
995	315826	0	Atencion a proveedores los dias miercoles. Depto. pago proveedores indica que proxima nomina de pago 26-11-14	2014-11-25	2014-11-02	2014-10-03	1	53589	t	f	315826
978	1904000	0	Factura documentada	2014-11-28	2014-08-09	2014-07-10	1	52692	t	f	1904000
979	2796017	0	Factura documentada	2014-11-28	2014-10-01	2014-09-01	1	53171	t	f	2796017
1017	5998	0	factura cancelada segun informe de DOM S.A.	2014-11-25	2014-08-01	2014-07-02	5	52634	t	f	5998
1016	2665.49	4	Haydee/ informa que factura se encuentra documentada	2014-12-02	2014-07-24	2014-06-24	1	1514	t	f	2665.49
1018	60190	0	factura cancelada segun informe de DOM S.A.	2014-11-25	2014-08-01	2014-07-02	5	52635	t	f	60190
1019	123272	0	factura cancelada segun informe de DOM S.A.	2014-11-25	2014-08-01	2014-07-02	5	52636	t	f	123272
969	20662	0	Se le solicita reporte de portal proveedores a Haydee para consultar por estado. Portal indica que factura se encuentra en proceso de pago.	2014-11-27	2014-10-02	2014-09-02	1	53205	t	f	20662
1015	112741	0	factura cancelada segun informe de DOM S.A.	2014-11-25	2014-07-02	2014-06-02	5	52131	t	f	112741
975	847556	0	Deudor con facturas con mas de 30 dias de mora. se conversa con haydee para saber que medidas tomaran con el deudor. 	2014-11-24	2014-10-01	2014-09-01	1	53124	t	f	847556
976	811506	0	Deudor con facturas con mas de 30 dias de mora. se conversa con haydee para saber que medidas tomaran con el deudor. 	2014-11-24	2014-11-01	2014-10-02	1	53463	t	f	811506
996	12113002	0	Atencion a proveedores los dias miercoles. Depto. pago proveedores indica que proxima nomina de pago 26-11-14	2014-11-25	2014-11-02	2014-10-03	1	53590	t	f	12113002
998	14342907	0	Atencion a proveedores los dias miercoles. Depto. pago proveedores indica que proxima nomina de pago 26-11-14	2014-11-25	2014-11-02	2014-10-03	1	53592	t	f	14342907
958	91035	0	Deudor con facturas con mas de 30 dias de mora. se conversa con haydee para saber que medidas tomaran con el deudor. 	2014-11-24	2014-11-01	2014-10-02	1	53522	t	f	91035
956	945503	0	Deudor con facturas con mas de 30 dias de mora. se conversa con haydee para saber que medidas tomaran con el deudor. 	2014-11-24	2014-09-04	2014-08-05	1	52901	t	f	945503
962	365780	0	Deudor con facturas con mas de 30 dias de mora. se conversa con haydee para saber que medidas tomaran con el deudor. 	2014-11-24	2014-11-01	2014-10-02	1	53440	t	f	365780
960	17850	0	Deudor con facturas con mas de 30 dias de mora. se conversa con haydee para saber que medidas tomaran con el deudor. 	2014-11-24	2014-10-02	2014-09-02	1	53145	t	f	17850
963	6291149	0	llamar para consultar estado de facturas	2014-11-21	2014-07-31	2014-07-01	1	52531	t	f	6291149
964	8292896	0	llamar para consultar estado de facturas	2014-11-21	2014-09-05	2014-08-06	1	52955	t	f	8292896
966	5721954	0	llamar para consultar estado de facturas	2014-11-21	2014-10-01	2014-09-01	1	53159	t	f	5721954
982	5182543	0	llamar para consultar estado de facturas	2014-11-21	2014-10-01	2014-09-01	1	53155	t	f	5182543
983	1299511	0	llamar para consultar estado de facturas	2014-11-21	2014-10-01	2014-09-01	1	53156	t	f	1299511
985	547947	0	llamar para consultar estado de facturas	2014-11-21	2014-10-01	2014-09-01	1	53154	t	f	547947
986	941909	0	llamar para consultar estado de facturas	2014-11-21	2014-11-02	2014-10-03	1	53535	t	f	941909
987	667838	0	llamar para consultar estado de facturas	2014-11-21	2014-11-02	2014-10-03	1	53536	t	f	667838
989	1700023	0	llamar para consultar estado de facturas	2014-11-21	2014-11-02	2014-10-03	1	53538	t	f	1700023
1013	100222	0	Factura cancelada segun informe de DOM S.A.	2014-11-25	2014-10-31	2014-10-01	5	53322	t	f	100222
968	553364	0	Haydee indica que factura se encuentra cancelada. Solo falta rebajarla del sistema	2014-11-27	2014-09-05	2014-11-25	1	52975	t	f	553364
971	153486	0	Deudor con facturas con mas de 30 dias de mora. se conversa con haydee para saber que medidas tomaran con el deudor. 	2014-11-24	2014-10-02	2014-09-02	1	53260	t	f	153486
1079	469159	0	Factura con mora pendiente de pago. Dom analiza situacion de deudor	2014-11-27	2014-09-03	2014-08-04	1	52751	t	f	469159
1081	426508	0	Factura con mora pendiente de pago. Dom analiza situacion de deudor	2014-11-27	2014-10-31	2014-10-01	1	53314	t	f	426508
1082	302593	0	Factura con mora pendiente de pago. Dom analiza situacion de deudor	2014-11-27	2014-10-31	2014-10-01	1	53334	t	f	302593
1084	883718	0	Factura con mora pendiente de pago. Dom analiza situacion de deudor	2014-11-27	2014-10-31	2014-10-01	1	53336	t	f	883718
1034	644675	0	Factura a la espera de V°B° para ser cancelada	2014-11-25	2014-10-01	2014-11-12	1	53047	t	f	644675
1039	1465944	0	Factura a la espera de V°B° para ser cancelada	2014-11-25	2014-07-16	2014-06-16	1	52401	t	f	1465944
1050	3424071	0	factura cancelada segun informe de DOM S.A.	2014-11-26	2014-06-04	2014-05-05	5	51770	t	f	3424071
1052	2781662	0	factura cancelada segun informe de DOM S.A.	2014-11-26	2014-07-06	2014-06-06	5	52393	t	f	2781662
1055	193925	0	factura cancelada segun informe de DOM S.A.	2014-11-26	2014-09-03	2014-08-04	5	52770	t	f	193925
1056	97209	0	factura cancelada segun informe de DOM S.A.	2014-11-26	2014-09-03	2014-08-04	5	52771	t	f	97209
1057	161369	0	factura cancelada segun informe de DOM S.A.	2014-11-26	2014-10-01	2014-09-01	5	53050	t	f	161369
1059	172895	0	factura cancelada segun informe de DOM S.A.	2014-11-26	2014-10-31	2014-10-01	5	53328	t	f	172895
1060	40769	0	factura cancelada segun informe de DOM S.A.	2014-11-26	2014-10-31	2014-10-01	5	53329	t	f	40769
1054	1185194	0	factura cancelada segun informe de DOM S.A.	2014-11-26	2014-08-01	2014-11-12	5	52640	t	f	1185194
1062	6122882	0	Factura a la espera de V°B° para ser cancelada	2014-11-25	2014-09-03	2014-08-04	1	52774	t	f	6122882
1035	2131780	0	Factura a la espera de V°B° para ser cancelada	2014-11-25	2014-10-01	2014-11-12	1	53048	t	f	2131780
1033	759796	0	Factura a la espera de V°B° para ser cancelada	2014-11-25	2014-09-03	2014-11-12	1	52768	t	f	759796
1095	2210498	0	factura cancelada segun informe de DOM S.A.	2014-11-25	2014-05-01	2014-11-18	5	51409	t	f	2210498
1064	487543	0	Factura a la espera de V°B° para ser cancelada	2014-11-25	2014-10-01	2014-09-01	1	53073	t	f	487543
1088	578269	0	Deudor indica que no saco pago esta semana, solicita que llamemos dentro del 26-11-14 para consultar por estado de factura	2014-11-25	2014-10-01	2014-09-01	1	53037	t	f	578269
1061	9580	0	Facturas en su proceso normal de pago	2014-11-27	2014-10-24	2014-09-24	1	53307	t	f	9580
1022	135599	0	factura cancelada segun informe de DOM S.A.	2014-11-25	2014-09-03	2014-08-04	5	52767	t	f	135599
1023	5598	0	factura cancelada segun informe de DOM S.A.	2014-11-25	2014-10-01	2014-09-01	5	53044	t	f	5598
1024	56178	0	factura cancelada segun informe de DOM S.A.	2014-11-25	2014-10-01	2014-09-01	5	53045	t	f	56178
1025	115054	0	factura cancelada segun informe de DOM S.A.	2014-11-25	2014-10-01	2014-09-01	5	53046	t	f	115054
1026	5998	0	Factura Documentada segun informe de DOM S.A.	2014-12-03	2014-10-31	2014-10-01	1	53323	t	f	5998
1028	123272	0	Factura Documentada segun informe de DOM S.A.	2014-12-03	2014-10-31	2014-10-01	1	53325	t	f	123272
1073	757442	0	Factura Cancelada segun informe de DOM S.A.	2014-11-25	2014-09-03	2014-08-04	5	52777	t	f	757442
1091	411550	0	facturas canceladas con cheques de respaldo que envio el cliente por mail.	2015-01-15	2014-09-03	2014-11-21	5	52784	t	f	411550
1041	946655	0	se llamo a gonzalo paredes y no hay respuesta, se consultara nuevamente el dia jueves 12/02	2015-02-12	2014-04-02	2014-03-03	1	51043	t	f	946655
1021	66209	0	factura cancelada segun informe de DOM S.A.	2014-11-25	2014-09-03	2014-08-04	5	52766	t	f	66209
1096	2475371	0	factura cancelada segun informe de DOM S.A.	2014-11-25	2014-06-04	2014-11-18	5	51873	t	f	2475371
1087	681531	0	Deudor indica que no saco pago esta semana, solicita que llamemos dentro del 26-11-14 para consultar por estado de factura	2014-11-25	2014-09-03	2014-08-04	1	52752	t	f	681531
1074	459172	0	Factura Cancelada segun informe de DOM S.A.	2014-11-25	2014-10-01	2014-09-01	5	53076	t	f	459172
1085	552886	0	Factura en proceso de pago. llamar nuevamente a deudor para consultar fecha de pago.	2014-11-25	2014-10-31	2014-10-01	1	53337	t	f	552886
1086	1077248	0	Factura en proceso de pago. llamar nuevamente a deudor para consultar fecha de pago.	2014-11-25	2014-10-31	2014-10-01	1	53338	t	f	1077248
1029	12733	3	Factura con mora excesiva. Publicados en el Boletin comercial y en proceso de cobranza judicial por parte del cliente	2014-12-04	2013-05-30	2013-04-30	8	4165	t	f	12733
1069	438277	0	Factura publicada en el boletin comercial	2014-12-02	2014-09-04	2014-08-05	1	52864	t	f	438277
1065	2649473	0	Factura a la espera de V°B° para ser cancelada	2014-11-25	2014-10-01	2014-09-01	1	53074	t	f	2649473
1067	2590196	0	Factura a la espera de V°B° para ser cancelada	2014-11-25	2014-10-31	2014-10-01	1	53331	t	f	2590196
1044	980464	0	se llamo a gonzalo paredes y no hay respuesta, se consultara nuevamente el dia jueves 12/02	2015-02-12	2014-05-01	2014-04-01	1	51402	t	f	980464
1037	2238971	0	Factura a la espera de V°B° para ser cancelada	2014-11-25	2014-10-31	2014-11-12	1	53327	t	f	2238971
1049	4295702	0	factura cancelada segun informe de DOM S.A.	2014-11-26	2014-06-04	2014-05-05	5	51769	t	f	4295702
1076	76636	0	Factura cancelada segun informe de DOM S.A.	2014-11-25	2014-07-02	2014-06-02	5	52124	t	f	76636
1072	245616	0	Factura cancelada segun informe de DOM S.A.	2014-11-25	2014-10-31	2014-10-01	5	53332	t	f	245616
1116	3248767	0	Factura con mora pendiente de pago. Dom analiza situacion de deudor	2014-11-27	2014-10-01	2014-09-01	1	53086	t	f	3248767
1117	1565921	0	Factura con mora pendiente de pago. Dom analiza situacion de deudor	2014-11-27	2014-10-01	2014-09-01	1	53087	t	f	1565921
1119	3248765	0	Factura con mora pendiente de pago. Dom analiza situacion de deudor	2014-11-27	2014-10-01	2014-09-01	1	53089	t	f	3248765
1120	273715	0	Factura con mora pendiente de pago. Dom analiza situacion de deudor	2014-11-27	2014-10-31	2014-10-01	1	53356	t	f	273715
1122	1577942	0	Factura con mora pendiente de pago. Dom analiza situacion de deudor	2014-11-27	2014-10-31	2014-10-01	1	53358	t	f	1577942
1124	1687664	0	Factura con mora pendiente de pago. Dom analiza situacion de deudor	2014-11-27	2014-10-31	2014-10-01	1	53361	t	f	1687664
1125	3248765	0	Factura con mora pendiente de pago. Dom analiza situacion de deudor	2014-11-27	2014-10-31	2014-10-01	1	53362	t	f	3248765
1114	2155372	0	Factura a la espera de V°B° para ser cancelada	2014-11-25	2014-10-01	2014-09-01	1	53084	t	f	2155372
1115	3248767	0	Factura a la espera de V°B° para ser cancelada	2014-11-25	2014-10-01	2014-09-01	1	53085	t	f	3248767
1134	65307	0	Vanessa Videl/ Reemplazo / encargada de pago aun no llega de su licencia. solicita nuevamente que enviemos mail. se le info que anteriormente se le envia mail y aun no tenemos respuesta.	2014-11-27	2014-10-01	2014-09-01	1	53090	t	f	65307
1109	878084	0	At. a Provee dias JU de 15:30 a 18:00 y VI de 10:00 a 13:00	2014-11-27	2014-10-31	2014-10-01	1	53316	t	f	878084
1144	2613131	0	Factura cancelada segun informe de DOM S.A.	2014-11-25	2014-10-01	2014-09-01	5	53092	t	f	2613131
1145	7393268	0	Factura cancelada segun informe de DOM S.A.	2014-11-25	2014-10-31	2014-10-01	5	53341	t	f	7393268
1111	1649440	0	At. a Provee dias JU de 15:30 a 18:00 y VI de 10:00 a 13:00	2014-11-27	2014-10-31	2014-10-01	1	53318	t	f	1649440
1147	2768999	0	Factura documentada	2014-11-28	2014-07-02	2014-06-02	1	52229	t	f	2768999
1148	208916	0	Factura documentada	2014-11-28	2014-08-01	2014-07-02	1	52666	t	f	208916
1149	632132	0	Factura documentada	2014-11-28	2014-08-01	2014-07-02	1	52667	t	f	632132
1150	1461033	0	Factura documentada	2014-11-28	2014-08-01	2014-07-02	1	52668	t	f	1461033
1151	2496833	0	Factura documentada	2014-11-28	2014-08-01	2014-07-02	1	52669	t	f	2496833
1152	2425801	0	Factura documentada	2014-11-28	2014-08-01	2014-07-02	1	52670	t	f	2425801
1153	2760190	0	Factura documentada	2014-11-28	2014-08-01	2014-07-02	1	52671	t	f	2760190
1155	229808	0	Factura documentada	2014-11-28	2014-09-03	2014-08-04	1	52796	t	f	229808
1156	281035	0	Factura documentada	2014-11-28	2014-09-03	2014-08-04	1	52797	t	f	281035
1157	886103	0	Factura documentada	2014-11-28	2014-09-03	2014-08-04	1	52798	t	f	886103
1158	1889762	0	Factura documentada	2014-11-28	2014-09-03	2014-08-04	1	52799	t	f	1889762
1159	1961235	0	Factura documentada	2014-11-28	2014-09-03	2014-08-04	1	52800	t	f	1961235
1160	3416097	0	Factura documentada	2014-11-28	2014-09-03	2014-08-04	1	52851	t	f	3416097
1161	955568	0	Factura documentada	2014-11-28	2014-09-03	2014-08-04	1	52852	t	f	955568
1162	1960674	0	Factura documentada	2014-11-28	2014-09-04	2014-08-05	1	52861	t	f	1960674
1164	67665	0	Factura documentada	2014-11-28	2014-10-01	2014-09-01	1	53094	t	f	67665
1165	382329	0	Factura documentada	2014-11-28	2014-10-01	2014-09-01	1	53095	t	f	382329
1166	1052343	0	Factura documentada	2014-11-28	2014-10-01	2014-09-01	1	53096	t	f	1052343
1167	1363924	0	Factura documentada	2014-11-28	2014-10-01	2014-09-01	1	53097	t	f	1363924
1168	2898507	0	Factura documentada	2014-11-28	2014-10-01	2014-09-01	1	53098	t	f	2898507
1169	878848	0	Factura documentada	2014-11-28	2014-10-01	2014-09-01	1	53099	t	f	878848
1170	6856	4	Factura documentada	2014-11-28	2014-10-24	2014-09-24	1	1523	t	f	6856
1171	20745	4	Factura documentada	2014-11-28	2014-10-24	2014-09-24	1	1524	t	f	20745
1138	1391538	0	Deudor publicado en los informes comerciales	2014-12-03	2014-03-05	2014-02-03	1	50736	t	f	1391538
1112	60904	0	At. a Provee dias JU de 15:30 a 18:00 y VI de 10:00 a 13:00	2014-11-27	2014-10-31	2014-10-01	1	53319	t	f	60904
1099	617503	0	At. a Provee dias JU de 15:30 a 18:00 y VI de 10:00 a 13:00	2014-11-27	2014-08-01	2014-07-02	1	52625	t	f	617503
1101	1038731	0	At. a Provee dias JU de 15:30 a 18:00 y VI de 10:00 a 13:00	2014-11-27	2014-09-03	2014-08-04	1	52753	t	f	1038731
1139	515760	0	Deudor publicado en los informes comerciales	2014-12-03	2014-04-02	2014-03-03	1	51052	t	f	515760
1141	1635437	0	Deudor publicado en los informes comerciales	2014-12-03	2014-05-01	2014-04-01	1	51412	t	f	1635437
1142	3308928	0	Deudor publicado en los informes comerciales	2014-12-03	2014-06-06	2014-05-07	1	52031	t	f	3308928
1127	62308	0	facturas publicadas en los boletines comercial por la mora de ellas.	2014-12-03	2014-03-05	2014-02-03	1	50742	t	f	62308
1137	589440	0	Deudor publicado en los informes comerciales	2014-12-03	2014-03-05	2014-02-03	1	50735	t	f	589440
1129	64534	0	facturas publicadas en los boletines comercial por la mora de ellas.	2014-12-03	2014-05-01	2014-04-01	1	51415	t	f	64534
1131	62308	0	facturas publicadas en los boletines comercial por la mora de ellas.	2014-12-03	2014-07-02	2014-06-02	1	52119	t	f	62308
1132	66759	0	facturas publicadas en los boletines comercial por la mora de ellas.	2014-12-03	2014-08-01	2014-07-02	1	52661	t	f	66759
1143	7015093	0	Factura cancelada segun informe de DOM S.A.	2014-11-25	2014-10-01	2014-09-01	5	53091	t	f	7015093
1197	172667	0	Factura cancelada segun informe de DOM S.A.	2014-11-25	2014-10-01	2014-09-01	5	53137	t	f	172667
1195	34022	0	Alejandro Alvarado/ Pago Provee/ indica que fecha probable de pago de fact es para el dia 12-12-14. llamar para confirmar pago.	2014-12-11	2014-10-31	2014-11-06	1	53352	t	f	34022
1204	255110	0	Carga masiva	2014-11-07	2014-09-04	2014-08-05	1	52860	f	f	255110
1175	193772	0	Sebastian Moreno/ pago provee/ comenta via mail que el pago esta disponible con cheque a fecha para retiro el dia 21-11-14. confirmar con haydee para que fecha son los documentos de pagos	2014-11-24	2014-10-31	2014-10-01	1	53343	t	f	193772
1176	22313	0	Sebastian Moreno/ pago provee/ comenta via mail que el pago esta disponible con cheque a fecha para retiro el dia 21-11-14. confirmar con haydee para que fecha son los documentos de pagos	2014-11-24	2014-10-31	2014-10-01	1	53344	t	f	22313
1177	193458	0	Sebastian Moreno/ pago provee/ comenta via mail que el pago esta disponible con cheque a fecha para retiro el dia 21-11-14. confirmar con haydee para que fecha son los documentos de pagos	2014-11-24	2014-10-31	2014-10-01	1	53345	t	f	193458
1178	967606	0	Sebastian Moreno/ pago provee/ comenta via mail que el pago esta disponible con cheque a fecha para retiro el dia 21-11-14. confirmar con haydee para que fecha son los documentos de pagos	2014-11-24	2014-10-31	2014-10-01	1	53346	t	f	967606
1179	1300722	0	Sebastian Moreno/ pago provee/ comenta via mail que el pago esta disponible con cheque a fecha para retiro el dia 21-11-14. confirmar con haydee para que fecha son los documentos de pagos	2014-11-24	2014-10-31	2014-10-01	1	53347	t	f	1300722
1180	2944018	0	Sebastian Moreno/ pago provee/ comenta via mail que el pago esta disponible con cheque a fecha para retiro el dia 21-11-14. confirmar con haydee para que fecha son los documentos de pagos	2014-11-24	2014-10-31	2014-10-01	1	53348	t	f	2944018
1181	907333	0	Sebastian Moreno/ pago provee/ comenta via mail que el pago esta disponible con cheque a fecha para retiro el dia 21-11-14. confirmar con haydee para que fecha son los documentos de pagos	2014-11-24	2014-10-31	2014-10-01	1	53349	t	f	907333
1172	47948.4	4	Factura documentada	2014-11-28	2014-10-24	2014-09-24	1	1525	t	f	47948.4
1173	81940	4	Factura documentada	2014-11-28	2014-10-24	2014-09-24	1	1526	t	f	81940
1174	58765	4	Factura documentada	2014-11-28	2014-10-24	2014-09-24	1	1527	t	f	58765
68	141600	0	Factura en proceso normal de pago. llamar nuevamente para consultar por estado de factura.	2014-11-26	2014-07-03	2014-06-03	1	52198	t	f	96804
70	162352	0	Factura en proceso normal de pago. llamar nuevamente para consultar por estado de factura.	2014-11-26	2014-09-04	2014-08-05	1	52885	t	f	49075
72	3612676	0	Factura en proceso normal de pago. llamar nuevamente para consultar por estado de factura.	2014-11-26	2014-09-25	2014-08-26	1	53016	t	f	3612676
160	2031811	0	facturas publicadas en los boletines comercial por la mora de ellas.	2014-12-03	2014-08-31	2014-08-01	1	52733	t	f	2031811
162	1962354	0	facturas publicadas en los boletines comercial por la mora de ellas.	2014-12-03	2014-11-01	2014-10-02	1	53438	t	f	1962354
190	943365	0	facturas publicadas en los boletines comercial por la mora de ellas.	2014-12-03	2014-04-02	2014-03-03	1	51150	t	f	943365
216	4434522	0	facturas publicadas en los boletines comercial por la mora de ellas.	2014-12-03	2014-07-31	2014-07-01	1	52515	t	f	4434522
219	7460	0	facturas publicadas en los boletines comercial por la mora de ellas.	2014-12-03	2014-05-17	2014-04-17	1	51731	t	f	1000
224	503027	0	facturas publicadas en los boletines comercial por la mora de ellas.	2014-12-03	2014-04-03	2014-03-04	1	21644	t	f	503027
227	8577963	4	facturas publicadas en los boletines comercial por la mora de ellas.	2014-12-03	2014-06-08	2014-05-09	1	450	t	f	8577963
1191	1150534	0	facturas publicadas en los boletines comercial por la mora de ellas.	2014-12-03	2014-05-01	2014-04-01	1	51430	t	f	1150534
1192	1192985	4	facturas publicadas en los boletines comercial por la mora de ellas.	2014-12-03	2014-06-19	2014-05-20	1	1560	t	f	1192985
1202	7352147	0	Deudor indica que el dia 21-11-14 realizara pago de facturas. revisar pago el dia 24-11-14	2014-11-24	2014-10-01	2014-09-01	1	53138	t	f	7352147
1203	8169053	0	Deudor indica que el dia 21-11-14 realizara pago de facturas. revisar pago el dia 24-11-14	2014-11-24	2014-10-31	2014-10-01	1	53355	t	f	8169053
1196	122651	0	Factura cancelada segun informe de DOM S.A.	2014-11-25	2014-10-01	2014-09-01	5	53136	t	f	122651
1183	403129	0	Factura a la espera de V°B° para ser cancelada	2014-11-25	2014-09-03	2014-08-05	1	52853	t	f	403129
1184	166600	0	Factura a la espera de V°B° para ser cancelada	2014-11-25	2014-09-04	2014-08-05	1	52865	t	f	166600
1185	691323	0	Factura a la espera de V°B° para ser cancelada	2014-11-25	2014-09-04	2014-08-05	1	52866	t	f	691323
1186	17626	0	Factura a la espera de V°B° para ser cancelada	2014-11-25	2014-10-01	2014-09-01	1	53100	t	f	17626
1187	1333266	0	Factura a la espera de V°B° para ser cancelada	2014-11-25	2014-10-01	2014-09-01	1	53134	t	f	1333266
1188	18885	0	Factura a la espera de V°B° para ser cancelada	2014-11-25	2014-10-31	2014-10-01	1	53350	t	f	18885
1189	1850664	0	Factura a la espera de V°B° para ser cancelada	2014-11-25	2014-10-31	2014-10-01	1	53351	t	f	1850664
1193	430193	0	Factura a la espera de V°B° para ser cancelada	2014-11-25	2014-09-03	2014-08-04	1	52855	t	f	430193
1194	164134	0	Factura a la espera de V°B° para ser cancelada	2014-11-25	2014-10-01	2014-11-06	1	53135	t	f	164134
1199	191852	0	Factura Cancelada el dia 12-11-14 con deposito en la Cta. Cte. del cliente	2014-11-24	2014-10-31	2014-11-20	1	53354	t	f	191852
1182	196421	0	Facturas en su proceso normal de pago	2014-11-27	2014-10-23	2014-09-23	1	53301	t	f	196421
1200	115668	0	Factura a la espera de V°B° para ser cancelada	2014-11-25	2014-10-24	2014-09-24	1	53306	t	f	115668
1198	131412	0	Factura Cancelada el dia 12-11-14 con deposito en la Cta. Cte. del cliente	2014-11-24	2014-10-31	2014-11-20	1	53353	t	f	131412
1190	54193	0	Facturas en su proceso normal de pago	2014-11-27	2014-10-24	2014-09-24	1	53305	t	f	54193
1201	9258260	0	Deudor indica que el dia 21-11-14 realizara pago de facturas. revisar pago el dia 24-11-14	2014-11-24	2014-09-04	2014-08-05	1	52859	t	f	9258260
775	3211928	0	facturas pendientes de pago. llamar jueves 04-12-14	2014-12-04	2014-10-02	2014-09-02	1	53182	t	f	3211928
\.


--
-- Data for Name: DocumentoPago; Type: TABLE DATA; Schema: public; Owner: postgres
--

COPY "DocumentoPago" (codigo, "DocumentoPago") FROM stdin;
0	Vale vista
1	Cheque
2	Transferencia
\.


--
-- Data for Name: DocumentosDerivados; Type: TABLE DATA; Schema: public; Owner: postgres
--

COPY "DocumentosDerivados" (codigo, "codDocumento", "codEmpresaCobranza") FROM stdin;
6	16	8
3	9	8
7	20	8
8	25	8
\.


--
-- Data for Name: EmpresaCliente; Type: TABLE DATA; Schema: public; Owner: postgres
--

COPY "EmpresaCliente" (codigo, "txtNomCliente", "rutCliente", "seqCiudadCliente", "txtDirCliente", "txtTelCliente", "dtFechaCreacion", "seqEstadoCliente", "seqTipoCliente", "Visible") FROM stdin;
2	COBRO GESTION	120.203.231	-1	vitacura 1111	324424234	2014-03-14	1	2	\N
3	ADMINISTRADOR	1-9	3	BILBAO 1861	213321	2014-03-13	1	0	\N
1	FALADEUDA	66.666.666-66	0	SANTA ISABELl	1235435345	2014-03-14	1	1	\N
4	DOM S.A.	96.701.120-2	1	Av. Colombia 0599 Recoleta, Santiago	2 2585 8740	2014-10-19	1	1	t
5	PIRLEY	77777777-77	1		7777-7777	2014-11-06	2	1	t
\.


--
-- Data for Name: EstadoCliente; Type: TABLE DATA; Schema: public; Owner: postgres
--

COPY "EstadoCliente" ("txtNomEstadoCL", "txtDescTipoCL", "seqEstadoCliente") FROM stdin;
BLOQUEADO	Sin permiso para usar la aplicación	2
ACTIVO	Permiso para usar la aplicación	1
DE BAJA	Cliente dado de baja	3
\.


--
-- Data for Name: EstadoDeuda; Type: TABLE DATA; Schema: public; Owner: postgres
--

COPY "EstadoDeuda" (codigo, "txtNomEstadoDeuda", "txtDescEstadoDeuda") FROM stdin;
4	Pagado	desc_pagado
5	Anulado	desc_anulado
6	Protestado	desc_protestado
1	Bloqueado	desc_bloqueado
0	En Proceso	desc_EnProceso
\.


--
-- Data for Name: HistorialDoc; Type: TABLE DATA; Schema: public; Owner: postgres
--

COPY "HistorialDoc" (codigo, "CodDoc", "FechaCambio", "AccionPersona", "Persona", "ObservacionDoc") FROM stdin;
7	21	2014-05-19	Agrega documento / asdasd	1	\N
11	9	2014-05-11	Modifica documento - xxxxxxx	2	\N
12	9	2014-05-11	Modifica documento - xxxxxxxas	2	\N
13	9	2014-05-11	Modifica documento - xxxxxxxas	2	\N
20	22	2014-05-13	Agrega documento / Nuevo deudor importante	1	\N
22	22	2014-05-13	Modifica documento - Despublicado de informes comerciales - Nuevo deudor importante. Enviar email.	1002	\N
23	22	2014-05-13	Modifica documento - Nuevo deudor importante. Enviar email.asd	1002	\N
24	22	2014-05-13	Modifica documento - Nuevo deudor importante. Enviar email	1002	\N
25	22	2014-05-13	Modifica documento - Nuevo deudor importante. Enviar email	1002	\N
26	22	2014-05-13	Modifica documento - Nuevo deudor importante. Enviar email al deudor	1002	\N
27	22	2014-05-13	Modifica documento - Despublicado de informes comerciales - Nuevo deudor importante. Enviar email al deudor	1002	\N
30	9	2014-05-13	Modifica documento - xxxxxxxas	2	\N
31	22	2014-05-13	Modifica documento - Nuevo deudor importante. Enviar email al deudor//	2	\N
32	22	2014-05-13	Modifica documento - Nuevo deudor importante. Enviar email al deudor-----	2	\N
33	22	2014-05-13	Modifica documento - Nuevo deudor importante. Enviar email al deudor-----x	2	\N
1	20	2014-05-18	DESPUBLICADO DE INFORMES COMERCIALES	2	\N
2	9	2014-05-18	DESPUBLICADO DE INFORMES COMERCIALES	6	\N
4	3	2014-05-19	Modifica documento - Despublicado de informes comerciales - 	4	\N
5	3	2014-05-19	Modifica documento - Publicado en informes comerciales - 	4	\N
6	3	2014-05-19	Documento derivado a empresa de cobranza	4	\N
34	22	2014-05-13	Modifica documento - Nuevo deudor importante. Enviar email al deudor-----x	2	\N
35	22	2014-05-13	Modifica documento - Nuevo deudor importante. Enviar email al deudor-----x	2	\N
37	22	2014-05-13	Modifica documento - Publicado en informes comerciales - Nuevo deudor importante. Enviar email al deudor---Z	2	\N
46	23	2014-05-13	Documento derivado a empresa de cobranza	1	\N
47	25	2014-05-13	Agrega documento / 	1	\N
48	26	2014-05-13	Agrega documento / 	1	\N
51	26	2014-05-13	Modifica documento - Visitar a su oficina del centro	1	\N
52	25	2014-05-13	Modifica documento - Visitar a su oficina nueva	4	\N
53	25	2014-05-13	Modifica documento - Visitar a su oficina nueva	4	\N
54	26	2014-05-13	Modifica documento - Enviarle un correo electrónico	4	\N
55	26	2014-05-13	Modifica documento - Enviarle un correo electrónico	4	\N
56	25	2014-05-13	Documento derivado a empresa de cobranza	4	\N
57	23	2014-05-13	Modifica documento - Despublicado de informes comerciales - 	1	\N
59	21	2014-05-27	Documento derivado a empresa de cobranza	1	\N
60	21	2014-05-27	Modifica documento - Despublicado de informes comerciales - asdasd	2	\N
64	21	2014-05-27	Modifica documento - asdasd	1	\N
65	21	2014-05-27	Modifica documento - asdasd xxxzaa	1	\N
66	23	2014-06-09	Modifica documento - asd	1	\N
67	23	2014-06-09	Modifica documento - Publicado en informes comerciales - asdx	1	\N
68	6	2014-06-09	Modifica documento - asd	1	\N
73	20	2014-06-09	Modifica documento - Despublicado de informes comerciales - xxxx---xxxx	2	\N
74	20	2014-06-09	Modifica documento - asas	2	\N
75	11	2014-09-03	Modifica documento - corrección 20140514	1	\N
76	11	2014-09-04	Modifica documento - corrección 20140514	1	\N
77	11	2014-09-04	Modifica documento - corrección 20140514	1	\N
78	11	2014-09-04	Modifica documento - corrección 20140514	1	\N
80	11	2014-09-04	Modifica documento - corrección 20140514	1	\N
81	11	2014-09-04	Modifica documento - corrección 20140514	1	\N
82	11	2014-09-04	Modifica documento - corrección 20140514	1	\N
87	24	2014-09-04	Modifica documento - asddsada	1	\N
88	24	2014-09-04	Modifica documento - asddsada	1	\N
89	24	2014-09-04	Modifica documento - asddsada	1	\N
90	21	2014-09-04	Modifica documento - asdasd xxxzaa	1	\N
91	21	2014-09-04	Modifica documento - asdasd xxxzaa	1	\N
92	21	2014-09-04	Modifica documento - asdasd xxxzaa	1	\N
101	21	2014-09-04	Modifica documento - asdasd xxxzaa	1	\N
102	18	2014-09-04	Modifica documento - Sacado de DICOM	1	\N
103	24	2014-09-04	Modifica documento - asddsada	1	\N
104	21	2014-09-04	Modifica documento - asdasd xxxzaa	1	\N
105	18	2014-09-04	Modifica documento - Sacado de DICOM	1	\N
106	21	2014-09-04	Modifica documento - asdasd xxxzaa	1	\N
107	21	2014-09-11	Modifica documento - asdasd xxxzaa	1	\N
108	18	2014-09-13	Modifica documento - Sacado de DICOM	1	\N
109	27	2014-09-14	Agrega documento / x	1	\N
110	23	2014-09-15	Modifica documento - asdx	1	\N
111	24	2014-09-15	Modifica documento - asddsada	1	\N
112	21	2014-09-15	Modifica documento - asdasd xxxzaa	1	\N
113	23	2014-09-15	Modifica documento - asdx	1	\N
114	18	2014-09-15	Modifica documento - Sacado de DICOM	1	\N
116	6	2014-09-15	Modifica documento - asd	1	\N
117	21	2014-09-28	Modifica documento - asdasd xxxzaa	1	\N
121	6	2014-10-05	Documento derivado a empresa de cobranza	1	\N
123	28	2014-10-05	Agrega documento / deuda falabella	1	\N
124	29	2014-10-13	Agrega documento / DEUDA BANCO	1	\N
126	29	2014-10-13	Modifica documento - DEUDA BANCO	1	\N
127	28	2014-10-14	Modifica documento - deuda falabella	1	\N
69	6	2014-06-09	Modifica documento - Publicado en informes comerciales - asd	1	\N
70	6	2014-06-09	Modifica documento - Despublicado de informes comerciales - asd	1	\N
71	9	2014-06-09	Modifica documento - sddd	4	\N
72	9	2014-06-09	Modifica documento - sdddf	4	\N
79	11	2014-09-04	Modifica documento - corrección 20140514	1	\N
83	18	2014-09-04	Modifica documento - Sacado de DICOM	1	\N
84	18	2014-09-04	Modifica documento - Sacado de DICOM	1	\N
85	18	2014-09-04	Modifica documento - Sacado de DICOM	1	\N
86	18	2014-09-04	Modifica documento - Sacado de DICOM	1	\N
93	21	2014-09-04	Modifica documento - asdasd xxxzaa	1	\N
94	21	2014-09-04	Modifica documento - asdasd xxxzaa	1	\N
95	21	2014-09-04	Modifica documento - asdasd xxxzaa	1	\N
3	9	2014-05-18	DESPUBLICADO DE INFORMES COMERCIALES	2	\N
8	9	2014-05-21	PUBLICADO EN INFORMES COMERCIALES	2	\N
9	9	2014-05-21	DESPUBLICADO DE INFORMES COMERCIALES	6	\N
10	9	2014-05-21	PUBLICADO EN INFORMES COMERCIALES	6	\N
14	9	2014-05-11	Modifica documento - xxxxxxxas	2	\N
15	9	2014-05-11	Modifica documento - xxxxxxxas	2	\N
16	9	2014-05-11	Modifica documento - xxxxxxxas	2	\N
17	9	2014-05-11	Modifica documento - xxxxxxxas	2	\N
18	21	2014-05-11	Modifica documento - Despublicado de informes comerciales - asdasd	1	\N
19	21	2014-05-11	Modifica documento - Despublicado de informes comerciales - asdasd	1	\N
21	22	2014-05-13	Modifica documento - Despublicado de informes comerciales - Nuevo deudor importante. Enviar email.	1	\N
28	22	2014-05-13	Modifica documento - Publicado en informes comerciales - Nuevo deudor importante. Enviar email al deudor..	1002	\N
29	22	2014-05-13	Documento derivado a empresa de cobranza	1002	\N
36	22	2014-05-13	Modifica documento - Despublicado de informes comerciales - Nuevo deudor importante. Enviar email al deudor-----x	2	\N
38	22	2014-05-13	Modifica documento - Nuevo deudor importante. Enviar email al deudor---W	1001	\N
39	22	2014-05-13	Modifica documento - Nuevo deudor importante. Enviar email al deudor---ZZ	2	\N
40	22	2014-05-13	Modifica documento - 	1002	\N
41	23	2014-05-13	Agrega documento / 	1	\N
42	24	2014-05-13	Agrega documento / asddsada	1	\N
43	23	2014-05-13	Documento derivado a empresa de cobranza	1	\N
44	23	2014-05-13	Documento derivado a empresa de cobranza	1	\N
45	23	2014-05-13	Documento derivado a empresa de cobranza	1	\N
49	25	2014-05-13	Publicado en informes comerciales	1	\N
50	26	2014-05-13	Publicado en informes comerciales	1	\N
58	21	2014-05-27	Modifica documento - Despublicado de informes comerciales - asdasd	1	\N
61	21	2014-05-27	Modifica documento - Publicado en informes comerciales - asdasd	1001	\N
62	21	2014-05-27	Modifica documento - Despublicado de informes comerciales - asdasd	1001	\N
63	21	2014-05-27	Modifica documento - Publicado en informes comerciales - asdasd	1001	\N
96	21	2014-09-04	Modifica documento - asdasd xxxzaa	1	\N
97	21	2014-09-04	Modifica documento - asdasd xxxzaa	1	\N
98	21	2014-09-04	Modifica documento - asdasd xxxzaa	1	\N
99	21	2014-09-04	Modifica documento - asdasd xxxzaa	1	\N
100	21	2014-09-04	Modifica documento - asdasd xxxzaa	1	\N
115	24	2014-09-15	Modifica documento - asddsada	1	\N
118	23	2014-09-28	Modifica documento - asdx	1	\N
119	23	2014-09-28	Modifica documento - asdx	1	\N
120	24	2014-10-04	Documento derivado a empresa de cobranza	1	\N
122	6	2014-10-05	Documento derivado a empresa de cobranza	1	\N
125	28	2014-10-13	Documento derivado a empresa de cobranza	1	\N
128	28	2014-10-14	Modifica documento - deuda falabella	1	\N
129	28	2014-10-14	Modifica documento - deuda falabella	1	\N
130	29	2014-10-14	Modifica documento - DEUDA BANCO	1	\N
131	32	2014-10-14	Agrega documento / deuda	1	\N
132	29	2014-10-14	Modifica documento - DEUDA BANC	1	\N
133	29	2014-10-14	Modifica documento - DEUDA BAN	1	\N
134	29	2014-10-14	Modifica documento - DEUDA B	1	\N
135	29	2014-10-14	Modifica documento - DEUDA	1	\N
136	29	2014-10-14	Modifica documento - DEU	1	\N
137	29	2014-10-14	Modifica documento - DEU	1	\N
138	32	2014-10-14	Modifica documento - deuda	1	\N
139	32	2014-10-14	Modifica documento - deuda	1	\N
140	32	2014-10-14	Modifica documento - Publicado en informes comerciales - deuda	1	\N
141	32	2014-10-14	Publicado en informes comerciales	1	\N
142	32	2014-10-14	Modifica documento - deuda	1	\N
143	32	2014-10-14	Modifica documento - deuda	1	\N
144	28	2014-10-14	Modifica documento - deuda falabella	1	\N
145	33	2014-10-14	Agrega documento / 	1	\N
146	34	2014-10-14	Agrega documento / 	1	\N
147	35	2014-10-14	Agrega documento / 	1	\N
148	36	2014-10-14	Agrega documento / deuda banco	1	\N
149	37	2014-10-14	Agrega documento / 	1	\N
150	38	2014-10-14	Agrega documento / 	1	\N
151	39	2014-10-14	Agrega documento / deuda banco	1	\N
152	32	2014-10-14	Modifica documento - deuda	1	\N
153	40	2014-10-14	Agrega documento / Nueva deuda	4	\N
154	41	2014-10-14	Agrega documento / Nuevo deudor	4	\N
155	42	2014-10-14	Agrega documento / Segunda deuda del mismo.	4	\N
156	42	2014-10-14	Modifica documento - Segunda deuda del mismo.	4	\N
157	42	2014-10-14	Modifica documento - Se abono parcialmente porque el segundo cheque reboto	4	\N
158	42	2014-10-14	Documento derivado a empresa de cobranza	4	\N
159	42	2014-10-14	Modifica documento - Tomo el tema	6	\N
160	43	2014-10-21	Agrega documento / Carga masiva	999	\N
161	44	2014-10-21	Agrega documento / Carga masiva	999	\N
162	45	2014-10-21	Agrega documento / Carga masiva	999	\N
163	46	2014-10-21	Agrega documento / Carga masiva	999	\N
164	47	2014-10-21	Agrega documento / Carga masiva	999	\N
165	48	2014-10-21	Agrega documento / Carga masiva	999	\N
166	49	2014-10-21	Agrega documento / Carga masiva	999	\N
167	50	2014-10-21	Agrega documento / Carga masiva	999	\N
168	51	2014-10-21	Agrega documento / Carga masiva	999	\N
169	52	2014-10-21	Agrega documento / Carga masiva	999	\N
170	53	2014-10-21	Agrega documento / Carga masiva	999	\N
171	54	2014-10-21	Agrega documento / Carga masiva	999	\N
172	55	2014-10-21	Agrega documento / Carga masiva	999	\N
173	56	2014-10-21	Agrega documento / Carga masiva	999	\N
174	57	2014-10-21	Agrega documento / Carga masiva	999	\N
175	58	2014-10-21	Agrega documento / Carga masiva	999	\N
176	59	2014-10-21	Agrega documento / Carga masiva	999	\N
177	60	2014-10-21	Agrega documento / Carga masiva	999	\N
178	61	2014-10-21	Agrega documento / Carga masiva	999	\N
179	62	2014-10-21	Agrega documento / Carga masiva	999	\N
180	63	2014-10-21	Agrega documento / Carga masiva	999	\N
181	64	2014-10-21	Agrega documento / Carga masiva	999	\N
182	65	2014-10-21	Agrega documento / Carga masiva	999	\N
183	66	2014-10-21	Agrega documento / Carga masiva	999	\N
184	67	2014-10-21	Agrega documento / Carga masiva	999	\N
185	68	2014-10-21	Agrega documento / Carga masiva	999	\N
186	69	2014-10-21	Agrega documento / Carga masiva	999	\N
187	70	2014-10-21	Agrega documento / Carga masiva	999	\N
188	71	2014-10-21	Agrega documento / Carga masiva	999	\N
189	72	2014-10-21	Agrega documento / Carga masiva	999	\N
190	73	2014-10-21	Agrega documento / Carga masiva	999	\N
191	74	2014-10-21	Agrega documento / Carga masiva	999	\N
192	75	2014-10-21	Agrega documento / Carga masiva	999	\N
193	76	2014-10-21	Agrega documento / Carga masiva	999	\N
194	77	2014-10-21	Agrega documento / Carga masiva	999	\N
195	78	2014-10-21	Agrega documento / Carga masiva	999	\N
196	79	2014-10-21	Agrega documento / Carga masiva	999	\N
197	80	2014-10-21	Agrega documento / Carga masiva	999	\N
198	81	2014-10-21	Agrega documento / Carga masiva	999	\N
199	82	2014-10-21	Agrega documento / Carga masiva	999	\N
200	83	2014-10-21	Agrega documento / Carga masiva	999	\N
201	84	2014-10-21	Agrega documento / Carga masiva	999	\N
202	85	2014-10-21	Agrega documento / Carga masiva	999	\N
203	86	2014-10-21	Agrega documento / Carga masiva	999	\N
204	87	2014-10-21	Agrega documento / Carga masiva	999	\N
205	88	2014-10-21	Agrega documento / Carga masiva	999	\N
206	89	2014-10-21	Agrega documento / Carga masiva	999	\N
207	90	2014-10-21	Agrega documento / Carga masiva	999	\N
208	91	2014-10-21	Agrega documento / Carga masiva	999	\N
209	92	2014-10-21	Agrega documento / Carga masiva	999	\N
210	93	2014-10-21	Agrega documento / Carga masiva	999	\N
211	94	2014-10-21	Agrega documento / Carga masiva	999	\N
212	95	2014-10-21	Agrega documento / Carga masiva	999	\N
213	96	2014-10-21	Agrega documento / Carga masiva	999	\N
214	97	2014-10-21	Agrega documento / Carga masiva	999	\N
215	98	2014-10-21	Agrega documento / Carga masiva	999	\N
216	99	2014-10-21	Agrega documento / Carga masiva	999	\N
217	100	2014-10-21	Agrega documento / Carga masiva	999	\N
218	101	2014-10-21	Agrega documento / Carga masiva	999	\N
219	102	2014-10-21	Agrega documento / Carga masiva	999	\N
220	103	2014-10-21	Agrega documento / Carga masiva	999	\N
221	104	2014-10-21	Agrega documento / Carga masiva	999	\N
222	105	2014-10-21	Agrega documento / Carga masiva	999	\N
223	106	2014-10-21	Agrega documento / Carga masiva	999	\N
224	107	2014-10-21	Agrega documento / Carga masiva	999	\N
225	108	2014-10-21	Agrega documento / Carga masiva	999	\N
226	109	2014-10-21	Agrega documento / Carga masiva	999	\N
227	110	2014-10-21	Agrega documento / Carga masiva	999	\N
228	111	2014-10-21	Agrega documento / Carga masiva	999	\N
229	112	2014-10-21	Agrega documento / Carga masiva	999	\N
230	113	2014-10-21	Agrega documento / Carga masiva	999	\N
231	114	2014-10-21	Agrega documento / Carga masiva	999	\N
232	115	2014-10-21	Agrega documento / Carga masiva	999	\N
233	116	2014-10-21	Agrega documento / Carga masiva	999	\N
234	117	2014-10-21	Agrega documento / Carga masiva	999	\N
235	118	2014-10-21	Agrega documento / Carga masiva	999	\N
236	119	2014-10-21	Agrega documento / Carga masiva	999	\N
237	120	2014-10-21	Agrega documento / Carga masiva	999	\N
238	121	2014-10-21	Agrega documento / Carga masiva	999	\N
239	122	2014-10-21	Agrega documento / Carga masiva	999	\N
240	123	2014-10-21	Agrega documento / Carga masiva	999	\N
241	124	2014-10-21	Agrega documento / Carga masiva	999	\N
242	125	2014-10-21	Agrega documento / Carga masiva	999	\N
243	126	2014-10-21	Agrega documento / Carga masiva	999	\N
244	127	2014-10-21	Agrega documento / Carga masiva	999	\N
245	128	2014-10-21	Agrega documento / Carga masiva	999	\N
246	129	2014-10-21	Agrega documento / Carga masiva	999	\N
247	130	2014-10-21	Agrega documento / Carga masiva	999	\N
248	131	2014-10-21	Agrega documento / Carga masiva	999	\N
249	132	2014-10-21	Agrega documento / Carga masiva	999	\N
250	133	2014-10-21	Agrega documento / Carga masiva	999	\N
251	134	2014-10-21	Agrega documento / Carga masiva	999	\N
252	135	2014-10-21	Agrega documento / Carga masiva	999	\N
253	136	2014-10-21	Agrega documento / Carga masiva	999	\N
254	137	2014-10-21	Agrega documento / Carga masiva	999	\N
255	138	2014-10-21	Agrega documento / Carga masiva	999	\N
256	139	2014-10-21	Agrega documento / Carga masiva	999	\N
257	140	2014-10-21	Agrega documento / Carga masiva	999	\N
258	141	2014-10-21	Agrega documento / Carga masiva	999	\N
259	142	2014-10-21	Agrega documento / Carga masiva	999	\N
260	143	2014-10-21	Agrega documento / Carga masiva	999	\N
261	144	2014-10-21	Agrega documento / Carga masiva	999	\N
262	145	2014-10-21	Agrega documento / Carga masiva	999	\N
263	146	2014-10-21	Agrega documento / Carga masiva	999	\N
264	147	2014-10-21	Agrega documento / Carga masiva	999	\N
265	148	2014-10-21	Agrega documento / Carga masiva	999	\N
266	149	2014-10-21	Agrega documento / Carga masiva	999	\N
267	150	2014-10-21	Agrega documento / Carga masiva	999	\N
268	151	2014-10-21	Agrega documento / Carga masiva	999	\N
269	152	2014-10-21	Agrega documento / Carga masiva	999	\N
270	153	2014-10-21	Agrega documento / Carga masiva	999	\N
271	154	2014-10-21	Agrega documento / Carga masiva	999	\N
272	155	2014-10-21	Agrega documento / Carga masiva	999	\N
273	156	2014-10-21	Agrega documento / Carga masiva	999	\N
274	157	2014-10-21	Agrega documento / Carga masiva	999	\N
275	158	2014-10-21	Agrega documento / Carga masiva	999	\N
276	159	2014-10-21	Agrega documento / Carga masiva	999	\N
277	160	2014-10-21	Agrega documento / Carga masiva	999	\N
278	161	2014-10-21	Agrega documento / Carga masiva	999	\N
279	162	2014-10-21	Agrega documento / Carga masiva	999	\N
280	163	2014-10-21	Agrega documento / Carga masiva	999	\N
281	164	2014-10-21	Agrega documento / Carga masiva	999	\N
282	165	2014-10-21	Agrega documento / Carga masiva	999	\N
283	166	2014-10-21	Agrega documento / Carga masiva	999	\N
284	167	2014-10-21	Agrega documento / Carga masiva	999	\N
285	168	2014-10-21	Agrega documento / Carga masiva	999	\N
286	169	2014-10-21	Agrega documento / Carga masiva	999	\N
287	170	2014-10-21	Agrega documento / Carga masiva	999	\N
288	171	2014-10-21	Agrega documento / Carga masiva	999	\N
289	172	2014-10-21	Agrega documento / Carga masiva	999	\N
290	173	2014-10-21	Agrega documento / Carga masiva	999	\N
291	174	2014-10-21	Agrega documento / Carga masiva	999	\N
292	175	2014-10-21	Agrega documento / Carga masiva	999	\N
293	176	2014-10-21	Agrega documento / Carga masiva	999	\N
294	177	2014-10-21	Agrega documento / Carga masiva	999	\N
295	178	2014-10-21	Agrega documento / Carga masiva	999	\N
296	179	2014-10-21	Agrega documento / Carga masiva	999	\N
297	180	2014-10-21	Agrega documento / Carga masiva	999	\N
298	181	2014-10-21	Agrega documento / Carga masiva	999	\N
299	182	2014-10-21	Agrega documento / Carga masiva	999	\N
300	183	2014-10-21	Agrega documento / Carga masiva	999	\N
301	184	2014-10-21	Agrega documento / Carga masiva	999	\N
302	185	2014-10-21	Agrega documento / Carga masiva	999	\N
303	186	2014-10-21	Agrega documento / Carga masiva	999	\N
304	187	2014-10-21	Agrega documento / Carga masiva	999	\N
305	188	2014-10-21	Agrega documento / Carga masiva	999	\N
306	189	2014-10-21	Agrega documento / Carga masiva	999	\N
307	190	2014-10-21	Agrega documento / Carga masiva	999	\N
308	191	2014-10-21	Agrega documento / Carga masiva	999	\N
309	192	2014-10-21	Agrega documento / Carga masiva	999	\N
310	193	2014-10-21	Agrega documento / Carga masiva	999	\N
311	194	2014-10-21	Agrega documento / Carga masiva	999	\N
312	195	2014-10-21	Agrega documento / Carga masiva	999	\N
313	196	2014-10-21	Agrega documento / Carga masiva	999	\N
314	197	2014-10-21	Agrega documento / Carga masiva	999	\N
315	198	2014-10-21	Agrega documento / Carga masiva	999	\N
316	199	2014-10-21	Agrega documento / Carga masiva	999	\N
317	200	2014-10-21	Agrega documento / Carga masiva	999	\N
318	201	2014-10-21	Agrega documento / Carga masiva	999	\N
319	202	2014-10-21	Agrega documento / Carga masiva	999	\N
320	203	2014-10-21	Agrega documento / Carga masiva	999	\N
321	204	2014-10-21	Agrega documento / Carga masiva	999	\N
322	205	2014-10-21	Agrega documento / Carga masiva	999	\N
323	206	2014-10-21	Agrega documento / Carga masiva	999	\N
324	207	2014-10-21	Agrega documento / Carga masiva	999	\N
325	208	2014-10-21	Agrega documento / Carga masiva	999	\N
326	209	2014-10-21	Agrega documento / Carga masiva	999	\N
327	210	2014-10-21	Agrega documento / Carga masiva	999	\N
328	211	2014-10-21	Agrega documento / Carga masiva	999	\N
329	212	2014-10-21	Agrega documento / Carga masiva	999	\N
330	213	2014-10-21	Agrega documento / Carga masiva	999	\N
331	214	2014-10-21	Agrega documento / Carga masiva	999	\N
332	215	2014-10-21	Agrega documento / Carga masiva	999	\N
333	216	2014-10-21	Agrega documento / Carga masiva	999	\N
334	217	2014-10-21	Agrega documento / Carga masiva	999	\N
335	218	2014-10-21	Agrega documento / Carga masiva	999	\N
336	219	2014-10-21	Agrega documento / Carga masiva	999	\N
337	220	2014-10-21	Agrega documento / Carga masiva	999	\N
338	221	2014-10-21	Agrega documento / Carga masiva	999	\N
339	222	2014-10-21	Agrega documento / Carga masiva	999	\N
340	223	2014-10-21	Agrega documento / Carga masiva	999	\N
341	224	2014-10-21	Agrega documento / Carga masiva	999	\N
342	225	2014-10-21	Agrega documento / Carga masiva	999	\N
343	226	2014-10-21	Agrega documento / Carga masiva	999	\N
344	227	2014-10-21	Agrega documento / Carga masiva	999	\N
345	228	2014-10-21	Agrega documento / Carga masiva	999	\N
346	229	2014-10-21	Agrega documento / Carga masiva	999	\N
347	230	2014-10-21	Agrega documento / Carga masiva	999	\N
348	231	2014-10-21	Agrega documento / Carga masiva	999	\N
349	232	2014-10-21	Agrega documento / Carga masiva	999	\N
350	233	2014-10-21	Agrega documento / Carga masiva	999	\N
351	234	2014-10-21	Agrega documento / Carga masiva	999	\N
352	235	2014-10-21	Agrega documento / Carga masiva	999	\N
353	236	2014-10-21	Agrega documento / Carga masiva	999	\N
354	237	2014-10-21	Agrega documento / Carga masiva	999	\N
355	238	2014-10-21	Agrega documento / Carga masiva	999	\N
356	239	2014-10-21	Agrega documento / Carga masiva	999	\N
357	240	2014-10-21	Agrega documento / Carga masiva	999	\N
358	241	2014-10-21	Agrega documento / Carga masiva	999	\N
359	242	2014-10-21	Agrega documento / Carga masiva	999	\N
360	243	2014-10-21	Agrega documento / Carga masiva	999	\N
361	244	2014-10-21	Agrega documento / Carga masiva	999	\N
362	245	2014-10-21	Agrega documento / Carga masiva	999	\N
363	246	2014-10-21	Agrega documento / Carga masiva	999	\N
364	247	2014-10-21	Agrega documento / Carga masiva	999	\N
365	248	2014-10-21	Agrega documento / Carga masiva	999	\N
366	249	2014-10-21	Agrega documento / Carga masiva	999	\N
367	250	2014-10-21	Agrega documento / Carga masiva	999	\N
368	251	2014-10-21	Agrega documento / Carga masiva	999	\N
369	252	2014-10-21	Agrega documento / Carga masiva	999	\N
370	253	2014-10-21	Agrega documento / Carga masiva	999	\N
371	254	2014-10-21	Agrega documento / Carga masiva	999	\N
372	255	2014-10-21	Agrega documento / Carga masiva	999	\N
373	256	2014-10-21	Agrega documento / Carga masiva	999	\N
374	257	2014-10-21	Agrega documento / Carga masiva	999	\N
375	258	2014-10-21	Agrega documento / Carga masiva	999	\N
376	259	2014-10-21	Agrega documento / Carga masiva	999	\N
377	260	2014-10-21	Agrega documento / Carga masiva	999	\N
378	261	2014-10-21	Agrega documento / Carga masiva	999	\N
379	262	2014-10-21	Agrega documento / Carga masiva	999	\N
380	263	2014-10-21	Agrega documento / Carga masiva	999	\N
381	264	2014-10-21	Agrega documento / Carga masiva	999	\N
382	265	2014-10-21	Agrega documento / Carga masiva	999	\N
383	266	2014-10-21	Agrega documento / Carga masiva	999	\N
384	267	2014-10-21	Agrega documento / Carga masiva	999	\N
385	268	2014-10-21	Agrega documento / Carga masiva	999	\N
386	269	2014-10-21	Agrega documento / Carga masiva	999	\N
387	270	2014-10-21	Agrega documento / Carga masiva	999	\N
388	271	2014-10-21	Agrega documento / Carga masiva	999	\N
389	272	2014-10-21	Agrega documento / Carga masiva	999	\N
390	273	2014-10-21	Agrega documento / Carga masiva	999	\N
391	274	2014-10-21	Agrega documento / Carga masiva	999	\N
392	275	2014-10-21	Agrega documento / Carga masiva	999	\N
393	276	2014-10-21	Agrega documento / Carga masiva	999	\N
394	277	2014-10-21	Agrega documento / Carga masiva	999	\N
395	278	2014-10-21	Agrega documento / Carga masiva	999	\N
396	279	2014-10-21	Agrega documento / Carga masiva	999	\N
397	280	2014-10-21	Agrega documento / Carga masiva	999	\N
398	281	2014-10-21	Agrega documento / Carga masiva	999	\N
399	282	2014-10-21	Agrega documento / Carga masiva	999	\N
400	283	2014-10-21	Agrega documento / Carga masiva	999	\N
401	284	2014-10-21	Agrega documento / Carga masiva	999	\N
402	285	2014-10-21	Agrega documento / Carga masiva	999	\N
403	286	2014-10-21	Agrega documento / Carga masiva	999	\N
404	287	2014-10-21	Agrega documento / Carga masiva	999	\N
405	288	2014-10-21	Agrega documento / Carga masiva	999	\N
406	289	2014-10-21	Agrega documento / Carga masiva	999	\N
407	290	2014-10-21	Agrega documento / Carga masiva	999	\N
408	291	2014-10-21	Agrega documento / Carga masiva	999	\N
409	292	2014-10-21	Agrega documento / Carga masiva	999	\N
410	293	2014-10-21	Agrega documento / Carga masiva	999	\N
411	294	2014-10-21	Agrega documento / Carga masiva	999	\N
412	295	2014-10-21	Agrega documento / Carga masiva	999	\N
413	296	2014-10-21	Agrega documento / Carga masiva	999	\N
414	297	2014-10-21	Agrega documento / Carga masiva	999	\N
415	298	2014-10-21	Agrega documento / Carga masiva	999	\N
416	299	2014-10-21	Agrega documento / Carga masiva	999	\N
417	300	2014-10-21	Agrega documento / Carga masiva	999	\N
418	301	2014-10-21	Agrega documento / Carga masiva	999	\N
419	302	2014-10-21	Agrega documento / Carga masiva	999	\N
420	303	2014-10-21	Agrega documento / Carga masiva	999	\N
421	304	2014-10-21	Agrega documento / Carga masiva	999	\N
422	305	2014-10-21	Agrega documento / Carga masiva	999	\N
423	306	2014-10-21	Agrega documento / Carga masiva	999	\N
424	307	2014-10-21	Agrega documento / Carga masiva	999	\N
425	308	2014-10-21	Agrega documento / Carga masiva	999	\N
426	309	2014-10-21	Agrega documento / Carga masiva	999	\N
427	310	2014-10-21	Agrega documento / Carga masiva	999	\N
428	311	2014-10-21	Agrega documento / Carga masiva	999	\N
429	312	2014-10-21	Agrega documento / Carga masiva	999	\N
430	313	2014-10-21	Agrega documento / Carga masiva	999	\N
431	314	2014-10-21	Agrega documento / Carga masiva	999	\N
432	315	2014-10-21	Agrega documento / Carga masiva	999	\N
433	316	2014-10-21	Agrega documento / Carga masiva	999	\N
434	317	2014-10-21	Agrega documento / Carga masiva	999	\N
435	318	2014-10-21	Agrega documento / Carga masiva	999	\N
436	319	2014-10-21	Agrega documento / Carga masiva	999	\N
437	320	2014-10-21	Agrega documento / Carga masiva	999	\N
438	321	2014-10-21	Agrega documento / Carga masiva	999	\N
439	322	2014-10-21	Agrega documento / Carga masiva	999	\N
440	323	2014-10-21	Agrega documento / Carga masiva	999	\N
441	324	2014-10-21	Agrega documento / Carga masiva	999	\N
442	325	2014-10-21	Agrega documento / Carga masiva	999	\N
443	326	2014-10-21	Agrega documento / Carga masiva	999	\N
444	327	2014-10-21	Agrega documento / Carga masiva	999	\N
445	328	2014-10-21	Agrega documento / Carga masiva	999	\N
446	329	2014-10-21	Agrega documento / Carga masiva	999	\N
447	330	2014-10-21	Agrega documento / Carga masiva	999	\N
448	331	2014-10-21	Agrega documento / Carga masiva	999	\N
449	332	2014-10-21	Agrega documento / Carga masiva	999	\N
450	333	2014-10-21	Agrega documento / Carga masiva	999	\N
451	334	2014-10-21	Agrega documento / Carga masiva	999	\N
452	335	2014-10-21	Agrega documento / Carga masiva	999	\N
453	336	2014-10-21	Agrega documento / Carga masiva	999	\N
454	337	2014-10-21	Agrega documento / Carga masiva	999	\N
455	338	2014-10-21	Agrega documento / Carga masiva	999	\N
456	339	2014-10-21	Agrega documento / Carga masiva	999	\N
457	340	2014-10-21	Agrega documento / Carga masiva	999	\N
458	341	2014-10-21	Agrega documento / Carga masiva	999	\N
459	342	2014-10-21	Agrega documento / Carga masiva	999	\N
460	343	2014-10-21	Agrega documento / Carga masiva	999	\N
461	344	2014-10-21	Agrega documento / Carga masiva	999	\N
462	345	2014-10-21	Agrega documento / Carga masiva	999	\N
463	346	2014-10-21	Agrega documento / Carga masiva	999	\N
464	347	2014-10-21	Agrega documento / Carga masiva	999	\N
465	348	2014-10-21	Agrega documento / Carga masiva	999	\N
466	349	2014-10-21	Agrega documento / Carga masiva	999	\N
467	350	2014-10-21	Agrega documento / Carga masiva	999	\N
468	351	2014-10-21	Agrega documento / Carga masiva	999	\N
469	352	2014-10-21	Agrega documento / Carga masiva	999	\N
470	353	2014-10-21	Agrega documento / Carga masiva	999	\N
471	354	2014-10-21	Agrega documento / Carga masiva	999	\N
472	355	2014-10-21	Agrega documento / Carga masiva	999	\N
473	356	2014-10-21	Agrega documento / Carga masiva	999	\N
474	357	2014-10-21	Agrega documento / Carga masiva	999	\N
475	358	2014-10-21	Agrega documento / Carga masiva	999	\N
476	359	2014-10-21	Agrega documento / Carga masiva	999	\N
477	360	2014-10-21	Agrega documento / Carga masiva	999	\N
478	361	2014-10-21	Agrega documento / Carga masiva	999	\N
479	362	2014-10-21	Agrega documento / Carga masiva	999	\N
480	363	2014-10-21	Agrega documento / Carga masiva	999	\N
481	364	2014-10-21	Agrega documento / Carga masiva	999	\N
482	365	2014-10-21	Agrega documento / Carga masiva	999	\N
483	366	2014-10-21	Agrega documento / Carga masiva	999	\N
484	367	2014-10-21	Agrega documento / Carga masiva	999	\N
485	368	2014-10-21	Agrega documento / Carga masiva	999	\N
486	369	2014-10-21	Agrega documento / Carga masiva	999	\N
487	370	2014-10-21	Agrega documento / Carga masiva	999	\N
488	371	2014-10-21	Agrega documento / Carga masiva	999	\N
489	372	2014-10-21	Agrega documento / Carga masiva	999	\N
490	373	2014-10-21	Agrega documento / Carga masiva	999	\N
491	374	2014-10-21	Agrega documento / Carga masiva	999	\N
492	375	2014-10-21	Agrega documento / Carga masiva	999	\N
493	376	2014-10-21	Agrega documento / Carga masiva	999	\N
494	377	2014-10-21	Agrega documento / Carga masiva	999	\N
495	378	2014-10-21	Agrega documento / Carga masiva	999	\N
496	379	2014-10-21	Agrega documento / Carga masiva	999	\N
497	380	2014-10-21	Agrega documento / Carga masiva	999	\N
498	381	2014-10-21	Agrega documento / Carga masiva	999	\N
499	382	2014-10-21	Agrega documento / Carga masiva	999	\N
500	383	2014-10-21	Agrega documento / Carga masiva	999	\N
501	384	2014-10-21	Agrega documento / Carga masiva	999	\N
502	385	2014-10-21	Agrega documento / Carga masiva	999	\N
503	386	2014-10-21	Agrega documento / Carga masiva	999	\N
504	387	2014-10-21	Agrega documento / Carga masiva	999	\N
505	388	2014-10-21	Agrega documento / Carga masiva	999	\N
506	389	2014-10-21	Agrega documento / Carga masiva	999	\N
507	390	2014-10-21	Agrega documento / Carga masiva	999	\N
508	391	2014-10-21	Agrega documento / Carga masiva	999	\N
509	392	2014-10-21	Agrega documento / Carga masiva	999	\N
510	393	2014-10-21	Agrega documento / Carga masiva	999	\N
511	394	2014-10-21	Agrega documento / Carga masiva	999	\N
512	395	2014-10-21	Agrega documento / Carga masiva	999	\N
513	396	2014-10-21	Agrega documento / Carga masiva	999	\N
514	397	2014-10-21	Agrega documento / Carga masiva	999	\N
515	398	2014-10-21	Agrega documento / Carga masiva	999	\N
516	399	2014-10-21	Agrega documento / Carga masiva	999	\N
517	400	2014-10-21	Agrega documento / Carga masiva	999	\N
518	401	2014-10-21	Agrega documento / Carga masiva	999	\N
519	402	2014-10-21	Agrega documento / Carga masiva	999	\N
520	403	2014-10-21	Agrega documento / Carga masiva	999	\N
521	404	2014-10-21	Agrega documento / Carga masiva	999	\N
522	405	2014-10-21	Agrega documento / Carga masiva	999	\N
523	406	2014-10-21	Agrega documento / Carga masiva	999	\N
524	407	2014-10-21	Agrega documento / Carga masiva	999	\N
525	408	2014-10-21	Agrega documento / Carga masiva	999	\N
526	409	2014-10-21	Agrega documento / Carga masiva	999	\N
527	410	2014-10-21	Agrega documento / Carga masiva	999	\N
528	411	2014-10-21	Agrega documento / Carga masiva	999	\N
529	412	2014-10-21	Agrega documento / Carga masiva	999	\N
530	413	2014-10-21	Agrega documento / Carga masiva	999	\N
531	414	2014-10-21	Agrega documento / Carga masiva	999	\N
532	415	2014-10-21	Agrega documento / Carga masiva	999	\N
533	416	2014-10-21	Agrega documento / Carga masiva	999	\N
534	417	2014-10-21	Agrega documento / Carga masiva	999	\N
535	418	2014-10-21	Agrega documento / Carga masiva	999	\N
536	419	2014-10-21	Agrega documento / Carga masiva	999	\N
537	420	2014-10-21	Agrega documento / Carga masiva	999	\N
538	421	2014-10-21	Agrega documento / Carga masiva	999	\N
539	422	2014-10-21	Agrega documento / Carga masiva	999	\N
540	423	2014-10-21	Agrega documento / Carga masiva	999	\N
541	424	2014-10-21	Agrega documento / Carga masiva	999	\N
542	425	2014-10-21	Agrega documento / Carga masiva	999	\N
543	426	2014-10-21	Agrega documento / Carga masiva	999	\N
544	427	2014-10-21	Agrega documento / Carga masiva	999	\N
545	428	2014-10-21	Agrega documento / Carga masiva	999	\N
546	429	2014-10-21	Agrega documento / Carga masiva	999	\N
547	430	2014-10-21	Agrega documento / Carga masiva	999	\N
548	431	2014-10-21	Agrega documento / Carga masiva	999	\N
549	432	2014-10-21	Agrega documento / Carga masiva	999	\N
550	433	2014-10-21	Agrega documento / Carga masiva	999	\N
551	434	2014-10-21	Agrega documento / Carga masiva	999	\N
552	435	2014-10-21	Agrega documento / Carga masiva	999	\N
553	436	2014-10-21	Agrega documento / Carga masiva	999	\N
554	437	2014-10-21	Agrega documento / Carga masiva	999	\N
555	438	2014-10-21	Agrega documento / Carga masiva	999	\N
556	439	2014-10-21	Agrega documento / Carga masiva	999	\N
557	440	2014-10-21	Agrega documento / Carga masiva	999	\N
558	441	2014-10-21	Agrega documento / Carga masiva	999	\N
559	442	2014-10-21	Agrega documento / Carga masiva	999	\N
560	443	2014-10-21	Agrega documento / Carga masiva	999	\N
561	444	2014-10-21	Agrega documento / Carga masiva	999	\N
562	445	2014-10-21	Agrega documento / Carga masiva	999	\N
563	446	2014-10-21	Agrega documento / Carga masiva	999	\N
564	447	2014-10-21	Agrega documento / Carga masiva	999	\N
565	448	2014-10-21	Agrega documento / Carga masiva	999	\N
566	449	2014-10-21	Agrega documento / Carga masiva	999	\N
567	450	2014-10-21	Agrega documento / Carga masiva	999	\N
568	451	2014-10-21	Agrega documento / Carga masiva	999	\N
569	452	2014-10-21	Agrega documento / Carga masiva	999	\N
570	453	2014-10-21	Agrega documento / Carga masiva	999	\N
571	454	2014-10-21	Agrega documento / Carga masiva	999	\N
572	455	2014-10-21	Agrega documento / Carga masiva	999	\N
573	456	2014-10-21	Agrega documento / Carga masiva	999	\N
574	457	2014-10-21	Agrega documento / Carga masiva	999	\N
575	458	2014-10-21	Agrega documento / Carga masiva	999	\N
576	459	2014-10-21	Agrega documento / Carga masiva	999	\N
577	460	2014-10-21	Agrega documento / Carga masiva	999	\N
578	461	2014-10-21	Agrega documento / Carga masiva	999	\N
579	462	2014-10-21	Agrega documento / Carga masiva	999	\N
580	463	2014-10-21	Agrega documento / Carga masiva	999	\N
581	464	2014-10-21	Agrega documento / Carga masiva	999	\N
582	465	2014-10-21	Agrega documento / Carga masiva	999	\N
583	466	2014-10-21	Agrega documento / Carga masiva	999	\N
584	467	2014-10-21	Agrega documento / Carga masiva	999	\N
585	468	2014-10-21	Agrega documento / Carga masiva	999	\N
586	469	2014-10-21	Agrega documento / Carga masiva	999	\N
587	470	2014-10-21	Agrega documento / Carga masiva	999	\N
588	471	2014-10-21	Agrega documento / Carga masiva	999	\N
589	472	2014-10-21	Agrega documento / Carga masiva	999	\N
590	473	2014-10-21	Agrega documento / Carga masiva	999	\N
591	474	2014-10-21	Agrega documento / Carga masiva	999	\N
592	475	2014-10-21	Agrega documento / Carga masiva	999	\N
593	476	2014-10-21	Agrega documento / Carga masiva	999	\N
594	477	2014-10-21	Agrega documento / Carga masiva	999	\N
595	478	2014-10-21	Agrega documento / Carga masiva	999	\N
596	479	2014-10-21	Agrega documento / Carga masiva	999	\N
597	480	2014-10-21	Agrega documento / Carga masiva	999	\N
598	481	2014-10-21	Agrega documento / Carga masiva	999	\N
599	482	2014-10-21	Agrega documento / Carga masiva	999	\N
600	483	2014-10-21	Agrega documento / Carga masiva	999	\N
601	484	2014-10-21	Agrega documento / Carga masiva	999	\N
602	485	2014-10-21	Agrega documento / Carga masiva	999	\N
603	486	2014-10-21	Agrega documento / Carga masiva	999	\N
604	487	2014-10-21	Agrega documento / Carga masiva	999	\N
605	488	2014-10-21	Agrega documento / Carga masiva	999	\N
606	489	2014-10-21	Agrega documento / Carga masiva	999	\N
607	490	2014-10-21	Agrega documento / Carga masiva	999	\N
608	491	2014-10-21	Agrega documento / Carga masiva	999	\N
609	492	2014-10-21	Agrega documento / Carga masiva	999	\N
610	493	2014-10-21	Agrega documento / Carga masiva	999	\N
611	494	2014-10-21	Agrega documento / Carga masiva	999	\N
612	495	2014-10-21	Agrega documento / Carga masiva	999	\N
613	496	2014-10-21	Agrega documento / Carga masiva	999	\N
614	497	2014-10-21	Agrega documento / Carga masiva	999	\N
615	498	2014-10-21	Agrega documento / Carga masiva	999	\N
616	499	2014-10-21	Agrega documento / Carga masiva	999	\N
617	500	2014-10-21	Agrega documento / Carga masiva	999	\N
618	501	2014-10-21	Agrega documento / Carga masiva	999	\N
619	502	2014-10-21	Agrega documento / Carga masiva	999	\N
620	503	2014-10-21	Agrega documento / Carga masiva	999	\N
621	504	2014-10-21	Agrega documento / Carga masiva	999	\N
622	505	2014-10-21	Agrega documento / Carga masiva	999	\N
623	506	2014-10-21	Agrega documento / Carga masiva	999	\N
624	507	2014-10-21	Agrega documento / Carga masiva	999	\N
625	508	2014-10-21	Agrega documento / Carga masiva	999	\N
626	509	2014-10-21	Agrega documento / Carga masiva	999	\N
627	510	2014-10-21	Agrega documento / Carga masiva	999	\N
628	511	2014-10-21	Agrega documento / Carga masiva	999	\N
629	512	2014-10-21	Agrega documento / Carga masiva	999	\N
630	513	2014-10-21	Agrega documento / Carga masiva	999	\N
631	514	2014-10-21	Agrega documento / Carga masiva	999	\N
632	515	2014-10-21	Agrega documento / Carga masiva	999	\N
633	516	2014-10-21	Agrega documento / Carga masiva	999	\N
634	517	2014-10-21	Agrega documento / Carga masiva	999	\N
635	518	2014-10-21	Agrega documento / Carga masiva	999	\N
636	519	2014-10-21	Agrega documento / Carga masiva	999	\N
637	520	2014-10-21	Agrega documento / Carga masiva	999	\N
638	521	2014-10-21	Agrega documento / Carga masiva	999	\N
639	522	2014-10-21	Agrega documento / Carga masiva	999	\N
640	523	2014-10-21	Agrega documento / Carga masiva	999	\N
641	524	2014-10-21	Agrega documento / Carga masiva	999	\N
642	525	2014-10-21	Agrega documento / Carga masiva	999	\N
643	526	2014-10-21	Agrega documento / Carga masiva	999	\N
644	527	2014-10-21	Agrega documento / Carga masiva	999	\N
645	528	2014-10-21	Agrega documento / Carga masiva	999	\N
646	529	2014-10-21	Agrega documento / Carga masiva	999	\N
647	530	2014-10-21	Agrega documento / Carga masiva	999	\N
648	531	2014-10-21	Agrega documento / Carga masiva	999	\N
649	532	2014-10-21	Agrega documento / Carga masiva	999	\N
650	533	2014-10-21	Agrega documento / Carga masiva	999	\N
651	534	2014-10-21	Agrega documento / Carga masiva	999	\N
652	535	2014-10-21	Agrega documento / Carga masiva	999	\N
653	536	2014-10-21	Agrega documento / Carga masiva	999	\N
654	537	2014-10-21	Agrega documento / Carga masiva	999	\N
655	538	2014-10-21	Agrega documento / Carga masiva	999	\N
656	539	2014-10-21	Agrega documento / Carga masiva	999	\N
657	540	2014-10-21	Agrega documento / Carga masiva	999	\N
658	541	2014-10-21	Agrega documento / Carga masiva	999	\N
659	542	2014-10-21	Agrega documento / Carga masiva	999	\N
660	543	2014-10-21	Agrega documento / Carga masiva	999	\N
661	544	2014-10-21	Agrega documento / Carga masiva	999	\N
662	545	2014-10-21	Agrega documento / Carga masiva	999	\N
663	546	2014-10-21	Agrega documento / Carga masiva	999	\N
664	547	2014-10-21	Agrega documento / Carga masiva	999	\N
665	548	2014-10-21	Agrega documento / Carga masiva	999	\N
666	549	2014-10-21	Agrega documento / Carga masiva	999	\N
667	550	2014-10-21	Agrega documento / Carga masiva	999	\N
668	551	2014-10-21	Agrega documento / Carga masiva	999	\N
669	552	2014-10-21	Agrega documento / Carga masiva	999	\N
670	553	2014-10-21	Agrega documento / Carga masiva	999	\N
671	554	2014-10-21	Agrega documento / Carga masiva	999	\N
672	555	2014-10-21	Agrega documento / Carga masiva	999	\N
673	556	2014-10-21	Agrega documento / Carga masiva	999	\N
674	557	2014-10-21	Agrega documento / Carga masiva	999	\N
675	558	2014-10-21	Agrega documento / Carga masiva	999	\N
676	559	2014-10-21	Agrega documento / Carga masiva	999	\N
677	560	2014-10-21	Agrega documento / Carga masiva	999	\N
678	561	2014-10-21	Agrega documento / Carga masiva	999	\N
679	562	2014-10-21	Agrega documento / Carga masiva	999	\N
680	563	2014-10-21	Agrega documento / Carga masiva	999	\N
681	564	2014-10-21	Agrega documento / Carga masiva	999	\N
682	565	2014-10-21	Agrega documento / Carga masiva	999	\N
683	566	2014-10-21	Agrega documento / Carga masiva	999	\N
684	567	2014-10-21	Agrega documento / Carga masiva	999	\N
685	568	2014-10-21	Agrega documento / Carga masiva	999	\N
686	569	2014-10-21	Agrega documento / Carga masiva	999	\N
687	570	2014-10-21	Agrega documento / Carga masiva	999	\N
688	571	2014-10-21	Agrega documento / Carga masiva	999	\N
689	572	2014-10-21	Agrega documento / Carga masiva	999	\N
690	573	2014-10-21	Agrega documento / Carga masiva	999	\N
691	574	2014-10-21	Agrega documento / Carga masiva	999	\N
692	575	2014-10-21	Agrega documento / Carga masiva	999	\N
693	576	2014-10-21	Agrega documento / Carga masiva	999	\N
694	577	2014-10-21	Agrega documento / Carga masiva	999	\N
695	578	2014-10-21	Agrega documento / Carga masiva	999	\N
696	579	2014-10-21	Agrega documento / Carga masiva	999	\N
697	580	2014-10-21	Agrega documento / Carga masiva	999	\N
698	581	2014-10-21	Agrega documento / Carga masiva	999	\N
699	582	2014-10-21	Agrega documento / Carga masiva	999	\N
700	583	2014-10-21	Agrega documento / Carga masiva	999	\N
701	584	2014-10-21	Agrega documento / Carga masiva	999	\N
702	585	2014-10-21	Agrega documento / Carga masiva	999	\N
703	586	2014-10-21	Agrega documento / Carga masiva	999	\N
704	587	2014-10-21	Agrega documento / Carga masiva	999	\N
705	588	2014-10-21	Agrega documento / Carga masiva	999	\N
706	589	2014-10-21	Agrega documento / Carga masiva	999	\N
707	590	2014-10-21	Agrega documento / Carga masiva	999	\N
708	591	2014-10-21	Agrega documento / Carga masiva	999	\N
709	592	2014-10-21	Agrega documento / Carga masiva	999	\N
710	593	2014-10-21	Agrega documento / Carga masiva	999	\N
711	594	2014-10-21	Agrega documento / Carga masiva	999	\N
712	595	2014-10-21	Agrega documento / Carga masiva	999	\N
713	596	2014-10-21	Agrega documento / Carga masiva	999	\N
714	597	2014-10-21	Agrega documento / Carga masiva	999	\N
715	598	2014-10-21	Agrega documento / Carga masiva	999	\N
716	599	2014-10-21	Agrega documento / Carga masiva	999	\N
717	600	2014-10-21	Agrega documento / Carga masiva	999	\N
718	601	2014-10-21	Agrega documento / Carga masiva	999	\N
719	602	2014-10-21	Agrega documento / Carga masiva	999	\N
720	603	2014-10-21	Agrega documento / Carga masiva	999	\N
721	604	2014-10-21	Agrega documento / Carga masiva	999	\N
722	605	2014-10-21	Agrega documento / Carga masiva	999	\N
723	606	2014-10-21	Agrega documento / Carga masiva	999	\N
724	607	2014-10-21	Agrega documento / Carga masiva	999	\N
725	608	2014-10-21	Agrega documento / Carga masiva	999	\N
726	609	2014-10-21	Agrega documento / Carga masiva	999	\N
727	610	2014-10-21	Agrega documento / Carga masiva	999	\N
728	611	2014-10-21	Agrega documento / Carga masiva	999	\N
729	612	2014-10-21	Agrega documento / Carga masiva	999	\N
730	613	2014-10-21	Agrega documento / Carga masiva	999	\N
731	614	2014-10-21	Agrega documento / Carga masiva	999	\N
732	615	2014-10-21	Agrega documento / Carga masiva	999	\N
733	616	2014-10-21	Agrega documento / Carga masiva	999	\N
734	617	2014-10-21	Agrega documento / Carga masiva	999	\N
735	618	2014-10-21	Agrega documento / Carga masiva	999	\N
736	619	2014-10-21	Agrega documento / Carga masiva	999	\N
737	620	2014-10-21	Agrega documento / Carga masiva	999	\N
738	621	2014-10-21	Agrega documento / Carga masiva	999	\N
739	622	2014-10-21	Agrega documento / Carga masiva	999	\N
740	623	2014-10-21	Agrega documento / Carga masiva	999	\N
741	624	2014-10-21	Agrega documento / Carga masiva	999	\N
742	625	2014-10-21	Agrega documento / Carga masiva	999	\N
743	626	2014-10-21	Agrega documento / Carga masiva	999	\N
744	627	2014-10-21	Agrega documento / Carga masiva	999	\N
745	628	2014-10-21	Agrega documento / Carga masiva	999	\N
746	629	2014-10-21	Agrega documento / Carga masiva	999	\N
747	630	2014-10-21	Agrega documento / Carga masiva	999	\N
748	631	2014-10-21	Agrega documento / Carga masiva	999	\N
749	632	2014-10-21	Agrega documento / Carga masiva	999	\N
750	633	2014-10-21	Agrega documento / Carga masiva	999	\N
751	634	2014-10-21	Agrega documento / Carga masiva	999	\N
752	635	2014-10-21	Agrega documento / Carga masiva	999	\N
753	636	2014-10-21	Agrega documento / Carga masiva	999	\N
754	637	2014-10-21	Agrega documento / Carga masiva	999	\N
755	638	2014-10-21	Agrega documento / Carga masiva	999	\N
756	639	2014-10-21	Agrega documento / Carga masiva	999	\N
757	640	2014-10-21	Agrega documento / Carga masiva	999	\N
758	641	2014-10-21	Agrega documento / Carga masiva	999	\N
759	642	2014-10-21	Agrega documento / Carga masiva	999	\N
760	643	2014-10-21	Agrega documento / Carga masiva	999	\N
761	644	2014-10-21	Agrega documento / Carga masiva	999	\N
762	645	2014-10-21	Agrega documento / Carga masiva	999	\N
763	646	2014-10-21	Agrega documento / Carga masiva	999	\N
764	647	2014-10-21	Agrega documento / Carga masiva	999	\N
765	648	2014-10-21	Agrega documento / Carga masiva	999	\N
766	649	2014-10-21	Agrega documento / Carga masiva	999	\N
767	650	2014-10-21	Agrega documento / Carga masiva	999	\N
768	651	2014-10-21	Agrega documento / Carga masiva	999	\N
769	652	2014-10-21	Agrega documento / Carga masiva	999	\N
770	653	2014-10-21	Agrega documento / Carga masiva	999	\N
771	654	2014-10-21	Agrega documento / Carga masiva	999	\N
772	655	2014-10-21	Agrega documento / Carga masiva	999	\N
773	656	2014-10-21	Agrega documento / Carga masiva	999	\N
774	657	2014-10-21	Agrega documento / Carga masiva	999	\N
775	658	2014-10-21	Agrega documento / Carga masiva	999	\N
776	659	2014-10-21	Agrega documento / Carga masiva	999	\N
777	660	2014-10-21	Agrega documento / Carga masiva	999	\N
778	661	2014-10-21	Agrega documento / Carga masiva	999	\N
779	662	2014-10-21	Agrega documento / Carga masiva	999	\N
780	663	2014-10-21	Agrega documento / Carga masiva	999	\N
781	664	2014-10-21	Agrega documento / Carga masiva	999	\N
782	665	2014-10-21	Agrega documento / Carga masiva	999	\N
783	666	2014-10-21	Agrega documento / Carga masiva	999	\N
784	667	2014-10-21	Agrega documento / Carga masiva	999	\N
785	668	2014-10-21	Agrega documento / Carga masiva	999	\N
786	669	2014-10-21	Agrega documento / Carga masiva	999	\N
787	670	2014-10-21	Agrega documento / Carga masiva	999	\N
788	671	2014-10-21	Agrega documento / Carga masiva	999	\N
789	672	2014-10-21	Agrega documento / Carga masiva	999	\N
790	673	2014-10-21	Agrega documento / Carga masiva	999	\N
791	674	2014-10-21	Agrega documento / Carga masiva	999	\N
792	675	2014-10-21	Agrega documento / Carga masiva	999	\N
793	676	2014-10-21	Agrega documento / Carga masiva	999	\N
794	677	2014-10-21	Agrega documento / Carga masiva	999	\N
795	678	2014-10-21	Agrega documento / Carga masiva	999	\N
796	679	2014-10-21	Agrega documento / Carga masiva	999	\N
797	680	2014-10-21	Agrega documento / Carga masiva	999	\N
798	681	2014-10-21	Agrega documento / Carga masiva	999	\N
799	682	2014-10-21	Agrega documento / Carga masiva	999	\N
800	683	2014-10-21	Agrega documento / Carga masiva	999	\N
801	684	2014-10-21	Agrega documento / Carga masiva	999	\N
802	685	2014-10-21	Agrega documento / Carga masiva	999	\N
803	686	2014-10-21	Agrega documento / Carga masiva	999	\N
804	687	2014-10-21	Agrega documento / Carga masiva	999	\N
805	688	2014-10-21	Agrega documento / Carga masiva	999	\N
806	689	2014-10-21	Agrega documento / Carga masiva	999	\N
807	690	2014-10-21	Agrega documento / Carga masiva	999	\N
808	691	2014-10-21	Agrega documento / Carga masiva	999	\N
809	692	2014-10-21	Agrega documento / Carga masiva	999	\N
810	693	2014-10-21	Agrega documento / Carga masiva	999	\N
811	694	2014-10-21	Agrega documento / Carga masiva	999	\N
812	695	2014-10-21	Agrega documento / Carga masiva	999	\N
813	696	2014-10-21	Agrega documento / Carga masiva	999	\N
814	697	2014-10-21	Agrega documento / Carga masiva	999	\N
815	698	2014-10-21	Agrega documento / Carga masiva	999	\N
816	699	2014-10-21	Agrega documento / Carga masiva	999	\N
817	700	2014-10-21	Agrega documento / Carga masiva	999	\N
818	701	2014-10-21	Agrega documento / Carga masiva	999	\N
819	702	2014-10-21	Agrega documento / Carga masiva	999	\N
820	703	2014-10-21	Agrega documento / Carga masiva	999	\N
821	704	2014-10-21	Agrega documento / Carga masiva	999	\N
822	705	2014-10-21	Agrega documento / Carga masiva	999	\N
823	706	2014-10-21	Agrega documento / Carga masiva	999	\N
824	707	2014-10-21	Agrega documento / Carga masiva	999	\N
825	708	2014-10-21	Agrega documento / Carga masiva	999	\N
826	709	2014-10-21	Agrega documento / Carga masiva	999	\N
827	710	2014-10-21	Agrega documento / Carga masiva	999	\N
828	711	2014-10-21	Agrega documento / Carga masiva	999	\N
829	712	2014-10-21	Agrega documento / Carga masiva	999	\N
830	713	2014-10-21	Agrega documento / Carga masiva	999	\N
831	714	2014-10-21	Agrega documento / Carga masiva	999	\N
832	715	2014-10-21	Agrega documento / Carga masiva	999	\N
833	716	2014-10-21	Agrega documento / Carga masiva	999	\N
834	717	2014-10-21	Agrega documento / Carga masiva	999	\N
835	718	2014-10-21	Agrega documento / Carga masiva	999	\N
836	719	2014-10-21	Agrega documento / Carga masiva	999	\N
837	720	2014-10-21	Agrega documento / Carga masiva	999	\N
838	721	2014-10-21	Agrega documento / Carga masiva	999	\N
839	722	2014-10-21	Agrega documento / Carga masiva	999	\N
840	723	2014-10-21	Agrega documento / Carga masiva	999	\N
841	724	2014-10-21	Agrega documento / Carga masiva	999	\N
842	725	2014-10-21	Agrega documento / Carga masiva	999	\N
843	726	2014-10-21	Agrega documento / Carga masiva	999	\N
844	727	2014-10-21	Agrega documento / Carga masiva	999	\N
845	728	2014-10-21	Agrega documento / Carga masiva	999	\N
846	729	2014-10-21	Agrega documento / Carga masiva	999	\N
847	730	2014-10-21	Agrega documento / Carga masiva	999	\N
848	731	2014-10-21	Agrega documento / Carga masiva	999	\N
849	732	2014-10-21	Agrega documento / Carga masiva	999	\N
850	733	2014-10-21	Agrega documento / Carga masiva	999	\N
851	734	2014-10-21	Agrega documento / Carga masiva	999	\N
852	735	2014-10-21	Agrega documento / Carga masiva	999	\N
853	736	2014-10-21	Agrega documento / Carga masiva	999	\N
854	737	2014-10-21	Agrega documento / Carga masiva	999	\N
855	738	2014-10-21	Agrega documento / Carga masiva	999	\N
856	739	2014-10-21	Agrega documento / Carga masiva	999	\N
857	740	2014-10-21	Agrega documento / Carga masiva	999	\N
858	741	2014-10-21	Agrega documento / Carga masiva	999	\N
859	742	2014-10-21	Agrega documento / Carga masiva	999	\N
860	743	2014-10-21	Agrega documento / Carga masiva	999	\N
861	744	2014-10-21	Agrega documento / Carga masiva	999	\N
862	745	2014-10-21	Agrega documento / Carga masiva	999	\N
863	746	2014-10-21	Agrega documento / Carga masiva	999	\N
864	747	2014-10-21	Agrega documento / Carga masiva	999	\N
865	748	2014-10-21	Agrega documento / Carga masiva	999	\N
866	749	2014-10-21	Agrega documento / Carga masiva	999	\N
867	750	2014-10-21	Agrega documento / Carga masiva	999	\N
868	751	2014-10-21	Agrega documento / Carga masiva	999	\N
869	752	2014-10-21	Agrega documento / Carga masiva	999	\N
870	753	2014-10-21	Agrega documento / Carga masiva	999	\N
871	754	2014-10-21	Agrega documento / Carga masiva	999	\N
872	755	2014-10-21	Agrega documento / Carga masiva	999	\N
873	756	2014-10-21	Agrega documento / Carga masiva	999	\N
874	757	2014-10-21	Agrega documento / Carga masiva	999	\N
875	758	2014-10-21	Agrega documento / Carga masiva	999	\N
876	759	2014-10-21	Agrega documento / Carga masiva	999	\N
877	760	2014-10-21	Agrega documento / Carga masiva	999	\N
878	761	2014-10-21	Agrega documento / Carga masiva	999	\N
879	762	2014-10-21	Agrega documento / Carga masiva	999	\N
880	763	2014-10-21	Agrega documento / Carga masiva	999	\N
881	764	2014-10-21	Agrega documento / Carga masiva	999	\N
882	765	2014-10-21	Agrega documento / Carga masiva	999	\N
883	766	2014-10-21	Agrega documento / Carga masiva	999	\N
884	767	2014-10-21	Agrega documento / Carga masiva	999	\N
885	768	2014-10-21	Agrega documento / Carga masiva	999	\N
886	769	2014-10-21	Agrega documento / Carga masiva	999	\N
887	770	2014-10-21	Agrega documento / Carga masiva	999	\N
888	771	2014-10-21	Agrega documento / Carga masiva	999	\N
889	772	2014-10-21	Agrega documento / Carga masiva	999	\N
890	773	2014-10-21	Agrega documento / Carga masiva	999	\N
891	774	2014-10-21	Agrega documento / Carga masiva	999	\N
892	775	2014-10-21	Agrega documento / Carga masiva	999	\N
893	776	2014-10-21	Agrega documento / Carga masiva	999	\N
894	777	2014-10-21	Agrega documento / Carga masiva	999	\N
895	778	2014-10-21	Agrega documento / Carga masiva	999	\N
896	779	2014-10-21	Agrega documento / Carga masiva	999	\N
897	780	2014-10-21	Agrega documento / Carga masiva	999	\N
898	781	2014-10-21	Agrega documento / Carga masiva	999	\N
899	782	2014-10-21	Agrega documento / Carga masiva	999	\N
900	783	2014-10-21	Agrega documento / Carga masiva	999	\N
901	784	2014-10-21	Agrega documento / Carga masiva	999	\N
902	785	2014-10-21	Agrega documento / Carga masiva	999	\N
903	786	2014-10-21	Agrega documento / Carga masiva	999	\N
904	787	2014-10-21	Agrega documento / Carga masiva	999	\N
905	788	2014-10-21	Agrega documento / Carga masiva	999	\N
906	789	2014-10-21	Agrega documento / Carga masiva	999	\N
907	790	2014-10-21	Agrega documento / Carga masiva	999	\N
908	791	2014-10-21	Agrega documento / Carga masiva	999	\N
909	792	2014-10-21	Agrega documento / Carga masiva	999	\N
910	793	2014-10-21	Agrega documento / Carga masiva	999	\N
911	794	2014-10-21	Agrega documento / Carga masiva	999	\N
912	795	2014-10-21	Agrega documento / Carga masiva	999	\N
913	796	2014-10-21	Agrega documento / Carga masiva	999	\N
914	797	2014-10-21	Agrega documento / Carga masiva	999	\N
915	798	2014-10-21	Agrega documento / Carga masiva	999	\N
916	799	2014-10-21	Agrega documento / Carga masiva	999	\N
917	800	2014-10-21	Agrega documento / Carga masiva	999	\N
918	801	2014-10-21	Agrega documento / Carga masiva	999	\N
919	802	2014-10-21	Agrega documento / Carga masiva	999	\N
920	803	2014-10-21	Agrega documento / Carga masiva	999	\N
921	804	2014-10-21	Agrega documento / Carga masiva	999	\N
922	805	2014-10-21	Agrega documento / Carga masiva	999	\N
923	806	2014-10-21	Agrega documento / Carga masiva	999	\N
924	807	2014-10-21	Agrega documento / Carga masiva	999	\N
925	808	2014-10-21	Agrega documento / Carga masiva	999	\N
926	809	2014-10-21	Agrega documento / Carga masiva	999	\N
927	810	2014-10-21	Agrega documento / Carga masiva	999	\N
928	811	2014-10-21	Agrega documento / Carga masiva	999	\N
929	812	2014-10-21	Agrega documento / Carga masiva	999	\N
930	813	2014-10-21	Agrega documento / Carga masiva	999	\N
931	814	2014-10-21	Agrega documento / Carga masiva	999	\N
932	815	2014-10-21	Agrega documento / Carga masiva	999	\N
933	816	2014-10-21	Agrega documento / Carga masiva	999	\N
934	817	2014-10-21	Agrega documento / Carga masiva	999	\N
935	818	2014-10-21	Agrega documento / Carga masiva	999	\N
936	819	2014-10-21	Agrega documento / Carga masiva	999	\N
937	820	2014-10-21	Agrega documento / Carga masiva	999	\N
938	821	2014-10-21	Agrega documento / Carga masiva	999	\N
939	822	2014-10-21	Agrega documento / Carga masiva	999	\N
940	823	2014-10-21	Agrega documento / Carga masiva	999	\N
941	824	2014-10-21	Agrega documento / Carga masiva	999	\N
942	825	2014-10-21	Agrega documento / Carga masiva	999	\N
943	826	2014-10-21	Agrega documento / Carga masiva	999	\N
944	827	2014-10-21	Agrega documento / Carga masiva	999	\N
945	828	2014-10-21	Agrega documento / Carga masiva	999	\N
946	829	2014-10-21	Agrega documento / Carga masiva	999	\N
947	830	2014-10-21	Agrega documento / Carga masiva	999	\N
948	831	2014-10-21	Agrega documento / Carga masiva	999	\N
949	832	2014-10-21	Agrega documento / Carga masiva	999	\N
950	833	2014-10-21	Agrega documento / Carga masiva	999	\N
951	834	2014-10-21	Agrega documento / Carga masiva	999	\N
952	835	2014-10-21	Agrega documento / Carga masiva	999	\N
953	836	2014-10-21	Agrega documento / Carga masiva	999	\N
954	837	2014-10-21	Agrega documento / Carga masiva	999	\N
955	838	2014-10-21	Agrega documento / Carga masiva	999	\N
956	839	2014-10-21	Agrega documento / Carga masiva	999	\N
957	840	2014-10-21	Agrega documento / Carga masiva	999	\N
958	841	2014-10-21	Agrega documento / Carga masiva	999	\N
959	842	2014-10-21	Agrega documento / Carga masiva	999	\N
960	843	2014-10-21	Agrega documento / Carga masiva	999	\N
961	844	2014-10-21	Agrega documento / Carga masiva	999	\N
962	845	2014-10-21	Agrega documento / Carga masiva	999	\N
963	846	2014-10-21	Agrega documento / Carga masiva	999	\N
964	847	2014-10-21	Agrega documento / Carga masiva	999	\N
965	848	2014-10-21	Agrega documento / Carga masiva	999	\N
966	849	2014-10-21	Agrega documento / Carga masiva	999	\N
967	850	2014-10-21	Agrega documento / Carga masiva	999	\N
968	851	2014-10-21	Agrega documento / Carga masiva	999	\N
969	852	2014-10-21	Agrega documento / Carga masiva	999	\N
970	853	2014-10-21	Agrega documento / Carga masiva	999	\N
971	854	2014-10-21	Agrega documento / Carga masiva	999	\N
972	855	2014-10-21	Agrega documento / Carga masiva	999	\N
973	856	2014-10-21	Agrega documento / Carga masiva	999	\N
974	857	2014-10-21	Agrega documento / Carga masiva	999	\N
975	858	2014-10-21	Agrega documento / Carga masiva	999	\N
976	859	2014-10-21	Agrega documento / Carga masiva	999	\N
977	860	2014-10-21	Agrega documento / Carga masiva	999	\N
978	861	2014-10-21	Agrega documento / Carga masiva	999	\N
979	862	2014-10-21	Agrega documento / Carga masiva	999	\N
980	863	2014-10-21	Agrega documento / Carga masiva	999	\N
981	864	2014-10-21	Agrega documento / Carga masiva	999	\N
982	865	2014-10-21	Agrega documento / Carga masiva	999	\N
983	866	2014-10-21	Agrega documento / Carga masiva	999	\N
984	867	2014-10-21	Agrega documento / Carga masiva	999	\N
985	868	2014-10-21	Agrega documento / Carga masiva	999	\N
986	869	2014-10-21	Agrega documento / Carga masiva	999	\N
987	870	2014-10-21	Agrega documento / Carga masiva	999	\N
988	871	2014-10-21	Agrega documento / Carga masiva	999	\N
989	872	2014-10-21	Agrega documento / Carga masiva	999	\N
990	873	2014-10-21	Agrega documento / Carga masiva	999	\N
991	874	2014-10-21	Agrega documento / Carga masiva	999	\N
992	875	2014-10-21	Agrega documento / Carga masiva	999	\N
993	876	2014-10-21	Agrega documento / Carga masiva	999	\N
994	877	2014-10-21	Agrega documento / Carga masiva	999	\N
995	878	2014-10-21	Agrega documento / Carga masiva	999	\N
996	879	2014-10-21	Agrega documento / Carga masiva	999	\N
997	880	2014-10-21	Agrega documento / Carga masiva	999	\N
998	881	2014-10-21	Agrega documento / Carga masiva	999	\N
999	882	2014-10-21	Agrega documento / Carga masiva	999	\N
1000	883	2014-10-21	Agrega documento / Carga masiva	999	\N
1001	884	2014-10-21	Agrega documento / Carga masiva	999	\N
1002	885	2014-10-21	Agrega documento / Carga masiva	999	\N
1003	886	2014-10-21	Agrega documento / Carga masiva	999	\N
1004	887	2014-10-21	Agrega documento / Carga masiva	999	\N
1005	888	2014-10-21	Agrega documento / Carga masiva	999	\N
1006	889	2014-10-21	Agrega documento / Carga masiva	999	\N
1007	890	2014-10-21	Agrega documento / Carga masiva	999	\N
1008	891	2014-10-21	Agrega documento / Carga masiva	999	\N
1009	892	2014-10-21	Agrega documento / Carga masiva	999	\N
1010	893	2014-10-21	Agrega documento / Carga masiva	999	\N
1011	894	2014-10-21	Agrega documento / Carga masiva	999	\N
1012	895	2014-10-21	Agrega documento / Carga masiva	999	\N
1013	896	2014-10-21	Agrega documento / Carga masiva	999	\N
1014	897	2014-10-21	Agrega documento / Carga masiva	999	\N
1015	898	2014-10-21	Agrega documento / Carga masiva	999	\N
1016	899	2014-10-21	Agrega documento / Carga masiva	999	\N
1017	900	2014-10-21	Agrega documento / Carga masiva	999	\N
1018	901	2014-10-21	Agrega documento / Carga masiva	999	\N
1019	902	2014-10-21	Agrega documento / Carga masiva	999	\N
1020	903	2014-10-21	Agrega documento / Carga masiva	999	\N
1021	904	2014-10-21	Agrega documento / Carga masiva	999	\N
1022	905	2014-10-21	Agrega documento / Carga masiva	999	\N
1023	906	2014-10-21	Agrega documento / Carga masiva	999	\N
1024	907	2014-10-21	Agrega documento / Carga masiva	999	\N
1025	908	2014-10-21	Agrega documento / Carga masiva	999	\N
1026	909	2014-10-21	Agrega documento / Carga masiva	999	\N
1027	910	2014-10-21	Agrega documento / Carga masiva	999	\N
1028	911	2014-10-21	Agrega documento / Carga masiva	999	\N
1029	912	2014-10-21	Agrega documento / Carga masiva	999	\N
1030	913	2014-10-21	Agrega documento / Carga masiva	999	\N
1031	914	2014-10-21	Agrega documento / Carga masiva	999	\N
1032	915	2014-10-21	Agrega documento / Carga masiva	999	\N
1033	916	2014-10-21	Agrega documento / Carga masiva	999	\N
1034	917	2014-10-21	Agrega documento / Carga masiva	999	\N
1035	918	2014-10-21	Agrega documento / Carga masiva	999	\N
1036	919	2014-10-21	Agrega documento / Carga masiva	999	\N
1037	920	2014-10-21	Agrega documento / Carga masiva	999	\N
1038	921	2014-10-21	Agrega documento / Carga masiva	999	\N
1039	922	2014-10-21	Agrega documento / Carga masiva	999	\N
1040	923	2014-10-21	Agrega documento / Carga masiva	999	\N
1041	924	2014-10-21	Agrega documento / Carga masiva	999	\N
1042	925	2014-10-21	Agrega documento / Carga masiva	999	\N
1043	926	2014-10-21	Agrega documento / Carga masiva	999	\N
1044	927	2014-10-21	Agrega documento / Carga masiva	999	\N
1045	928	2014-10-21	Agrega documento / Carga masiva	999	\N
1046	929	2014-10-21	Agrega documento / Carga masiva	999	\N
1047	930	2014-10-21	Agrega documento / Carga masiva	999	\N
1048	931	2014-10-21	Agrega documento / Carga masiva	999	\N
1049	932	2014-10-21	Agrega documento / Carga masiva	999	\N
1050	933	2014-10-21	Agrega documento / Carga masiva	999	\N
1051	934	2014-10-21	Agrega documento / Carga masiva	999	\N
1052	935	2014-10-21	Agrega documento / Carga masiva	999	\N
1053	936	2014-10-21	Agrega documento / Carga masiva	999	\N
1054	937	2014-10-21	Agrega documento / Carga masiva	999	\N
1055	938	2014-10-21	Agrega documento / Carga masiva	999	\N
1056	939	2014-10-21	Agrega documento / Carga masiva	999	\N
1057	940	2014-10-21	Agrega documento / Carga masiva	999	\N
1058	941	2014-10-21	Agrega documento / Carga masiva	999	\N
1059	942	2014-10-21	Agrega documento / Carga masiva	999	\N
1060	943	2014-10-21	Agrega documento / Carga masiva	999	\N
1061	944	2014-10-21	Agrega documento / Carga masiva	999	\N
1062	945	2014-10-21	Agrega documento / Carga masiva	999	\N
1063	946	2014-10-21	Agrega documento / Carga masiva	999	\N
1064	947	2014-10-21	Agrega documento / Carga masiva	999	\N
1065	948	2014-10-21	Agrega documento / Carga masiva	999	\N
1066	949	2014-10-21	Agrega documento / Carga masiva	999	\N
1067	950	2014-10-21	Agrega documento / Carga masiva	999	\N
1068	951	2014-10-21	Agrega documento / Carga masiva	999	\N
1069	952	2014-10-21	Agrega documento / Carga masiva	999	\N
1070	953	2014-10-21	Agrega documento / Carga masiva	999	\N
1071	954	2014-10-21	Agrega documento / Carga masiva	999	\N
1072	955	2014-10-21	Agrega documento / Carga masiva	999	\N
1073	956	2014-10-21	Agrega documento / Carga masiva	999	\N
1074	957	2014-10-21	Agrega documento / Carga masiva	999	\N
1075	958	2014-10-21	Agrega documento / Carga masiva	999	\N
1076	959	2014-10-21	Agrega documento / Carga masiva	999	\N
1077	960	2014-10-21	Agrega documento / Carga masiva	999	\N
1078	961	2014-10-21	Agrega documento / Carga masiva	999	\N
1079	962	2014-10-21	Agrega documento / Carga masiva	999	\N
1080	963	2014-10-21	Agrega documento / Carga masiva	999	\N
1081	964	2014-10-21	Agrega documento / Carga masiva	999	\N
1082	965	2014-10-21	Agrega documento / Carga masiva	999	\N
1083	966	2014-10-21	Agrega documento / Carga masiva	999	\N
1084	967	2014-10-21	Agrega documento / Carga masiva	999	\N
1085	968	2014-10-21	Agrega documento / Carga masiva	999	\N
1086	969	2014-10-21	Agrega documento / Carga masiva	999	\N
1087	970	2014-10-21	Agrega documento / Carga masiva	999	\N
1088	971	2014-10-21	Agrega documento / Carga masiva	999	\N
1089	972	2014-10-21	Agrega documento / Carga masiva	999	\N
1090	973	2014-10-21	Agrega documento / Carga masiva	999	\N
1091	974	2014-10-21	Agrega documento / Carga masiva	999	\N
1092	975	2014-10-21	Agrega documento / Carga masiva	999	\N
1093	976	2014-10-21	Agrega documento / Carga masiva	999	\N
1094	977	2014-10-21	Agrega documento / Carga masiva	999	\N
1095	978	2014-10-21	Agrega documento / Carga masiva	999	\N
1096	979	2014-10-21	Agrega documento / Carga masiva	999	\N
1097	980	2014-10-21	Agrega documento / Carga masiva	999	\N
1098	981	2014-10-21	Agrega documento / Carga masiva	999	\N
1099	982	2014-10-21	Agrega documento / Carga masiva	999	\N
1100	983	2014-10-21	Agrega documento / Carga masiva	999	\N
1101	984	2014-10-21	Agrega documento / Carga masiva	999	\N
1102	985	2014-10-21	Agrega documento / Carga masiva	999	\N
1103	986	2014-10-21	Agrega documento / Carga masiva	999	\N
1104	987	2014-10-21	Agrega documento / Carga masiva	999	\N
1105	988	2014-10-21	Agrega documento / Carga masiva	999	\N
1106	989	2014-10-21	Agrega documento / Carga masiva	999	\N
1107	990	2014-10-21	Agrega documento / Carga masiva	999	\N
1108	991	2014-10-21	Agrega documento / Carga masiva	999	\N
1109	992	2014-10-21	Agrega documento / Carga masiva	999	\N
1110	993	2014-10-21	Agrega documento / Carga masiva	999	\N
1111	994	2014-10-21	Agrega documento / Carga masiva	999	\N
1112	995	2014-10-21	Agrega documento / Carga masiva	999	\N
1113	996	2014-10-21	Agrega documento / Carga masiva	999	\N
1114	997	2014-10-21	Agrega documento / Carga masiva	999	\N
1115	998	2014-10-21	Agrega documento / Carga masiva	999	\N
1116	999	2014-10-21	Agrega documento / Carga masiva	999	\N
1117	1000	2014-10-21	Agrega documento / Carga masiva	999	\N
1118	1001	2014-10-21	Agrega documento / Carga masiva	999	\N
1119	1002	2014-10-21	Agrega documento / Carga masiva	999	\N
1120	1003	2014-10-21	Agrega documento / Carga masiva	999	\N
1121	1004	2014-10-21	Agrega documento / Carga masiva	999	\N
1122	1005	2014-10-21	Agrega documento / Carga masiva	999	\N
1123	1006	2014-10-21	Agrega documento / Carga masiva	999	\N
1124	1007	2014-10-21	Agrega documento / Carga masiva	999	\N
1125	1008	2014-10-21	Agrega documento / Carga masiva	999	\N
1126	1009	2014-10-21	Agrega documento / Carga masiva	999	\N
1127	1010	2014-10-21	Agrega documento / Carga masiva	999	\N
1128	1011	2014-10-21	Agrega documento / Carga masiva	999	\N
1129	1012	2014-10-21	Agrega documento / Carga masiva	999	\N
1130	1013	2014-10-21	Agrega documento / Carga masiva	999	\N
1131	1014	2014-10-21	Agrega documento / Carga masiva	999	\N
1132	1015	2014-10-21	Agrega documento / Carga masiva	999	\N
1133	1016	2014-10-21	Agrega documento / Carga masiva	999	\N
1134	1017	2014-10-21	Agrega documento / Carga masiva	999	\N
1135	1018	2014-10-21	Agrega documento / Carga masiva	999	\N
1136	1019	2014-10-21	Agrega documento / Carga masiva	999	\N
1137	1020	2014-10-21	Agrega documento / Carga masiva	999	\N
1138	1021	2014-10-21	Agrega documento / Carga masiva	999	\N
1139	1022	2014-10-21	Agrega documento / Carga masiva	999	\N
1140	1023	2014-10-21	Agrega documento / Carga masiva	999	\N
1141	1024	2014-10-21	Agrega documento / Carga masiva	999	\N
1142	1025	2014-10-21	Agrega documento / Carga masiva	999	\N
1143	1026	2014-10-21	Agrega documento / Carga masiva	999	\N
1144	1027	2014-10-21	Agrega documento / Carga masiva	999	\N
1145	1028	2014-10-21	Agrega documento / Carga masiva	999	\N
1146	1029	2014-10-21	Agrega documento / Carga masiva	999	\N
1147	1030	2014-10-21	Agrega documento / Carga masiva	999	\N
1148	1031	2014-10-21	Agrega documento / Carga masiva	999	\N
1149	1032	2014-10-21	Agrega documento / Carga masiva	999	\N
1150	1033	2014-10-21	Agrega documento / Carga masiva	999	\N
1151	1034	2014-10-21	Agrega documento / Carga masiva	999	\N
1152	1035	2014-10-21	Agrega documento / Carga masiva	999	\N
1153	1036	2014-10-21	Agrega documento / Carga masiva	999	\N
1154	1037	2014-10-21	Agrega documento / Carga masiva	999	\N
1155	1038	2014-10-21	Agrega documento / Carga masiva	999	\N
1156	1039	2014-10-21	Agrega documento / Carga masiva	999	\N
1157	1040	2014-10-21	Agrega documento / Carga masiva	999	\N
1158	1041	2014-10-21	Agrega documento / Carga masiva	999	\N
1159	1042	2014-10-21	Agrega documento / Carga masiva	999	\N
1160	1043	2014-10-21	Agrega documento / Carga masiva	999	\N
1161	1044	2014-10-21	Agrega documento / Carga masiva	999	\N
1162	1045	2014-10-21	Agrega documento / Carga masiva	999	\N
1163	1046	2014-10-21	Agrega documento / Carga masiva	999	\N
1164	1047	2014-10-21	Agrega documento / Carga masiva	999	\N
1165	1048	2014-10-21	Agrega documento / Carga masiva	999	\N
1166	1049	2014-10-21	Agrega documento / Carga masiva	999	\N
1167	1050	2014-10-21	Agrega documento / Carga masiva	999	\N
1168	1051	2014-10-21	Agrega documento / Carga masiva	999	\N
1169	1052	2014-10-21	Agrega documento / Carga masiva	999	\N
1170	1053	2014-10-21	Agrega documento / Carga masiva	999	\N
1171	1054	2014-10-21	Agrega documento / Carga masiva	999	\N
1172	1055	2014-10-21	Agrega documento / Carga masiva	999	\N
1173	1056	2014-10-21	Agrega documento / Carga masiva	999	\N
1174	1057	2014-10-21	Agrega documento / Carga masiva	999	\N
1175	1058	2014-10-21	Agrega documento / Carga masiva	999	\N
1176	1059	2014-10-21	Agrega documento / Carga masiva	999	\N
1177	1060	2014-10-21	Agrega documento / Carga masiva	999	\N
1178	1061	2014-10-21	Agrega documento / Carga masiva	999	\N
1179	1062	2014-10-21	Agrega documento / Carga masiva	999	\N
1180	1063	2014-10-21	Agrega documento / Carga masiva	999	\N
1181	1064	2014-10-21	Agrega documento / Carga masiva	999	\N
1182	1065	2014-10-21	Agrega documento / Carga masiva	999	\N
1183	1066	2014-10-21	Agrega documento / Carga masiva	999	\N
1184	1067	2014-10-21	Agrega documento / Carga masiva	999	\N
1185	1068	2014-10-21	Agrega documento / Carga masiva	999	\N
1186	1069	2014-10-21	Agrega documento / Carga masiva	999	\N
1187	1070	2014-10-21	Agrega documento / Carga masiva	999	\N
1188	1071	2014-10-21	Agrega documento / Carga masiva	999	\N
1189	1072	2014-10-21	Agrega documento / Carga masiva	999	\N
1190	1073	2014-10-21	Agrega documento / Carga masiva	999	\N
1191	1074	2014-10-21	Agrega documento / Carga masiva	999	\N
1192	1075	2014-10-21	Agrega documento / Carga masiva	999	\N
1193	1076	2014-10-21	Agrega documento / Carga masiva	999	\N
1194	1077	2014-10-21	Agrega documento / Carga masiva	999	\N
1195	1078	2014-10-21	Agrega documento / Carga masiva	999	\N
1196	1079	2014-10-21	Agrega documento / Carga masiva	999	\N
1197	1080	2014-10-21	Agrega documento / Carga masiva	999	\N
1198	1081	2014-10-21	Agrega documento / Carga masiva	999	\N
1199	1082	2014-10-21	Agrega documento / Carga masiva	999	\N
1200	1083	2014-10-21	Agrega documento / Carga masiva	999	\N
1201	1084	2014-10-21	Agrega documento / Carga masiva	999	\N
1202	1085	2014-10-21	Agrega documento / Carga masiva	999	\N
1203	1086	2014-10-21	Agrega documento / Carga masiva	999	\N
1204	1087	2014-10-21	Agrega documento / Carga masiva	999	\N
1205	1088	2014-10-21	Agrega documento / Carga masiva	999	\N
1206	1089	2014-10-21	Agrega documento / Carga masiva	999	\N
1207	1090	2014-10-21	Agrega documento / Carga masiva	999	\N
1208	1091	2014-10-21	Agrega documento / Carga masiva	999	\N
1209	1092	2014-10-21	Agrega documento / Carga masiva	999	\N
1210	1093	2014-10-21	Agrega documento / Carga masiva	999	\N
1211	1094	2014-10-21	Agrega documento / Carga masiva	999	\N
1212	1095	2014-10-21	Agrega documento / Carga masiva	999	\N
1213	1096	2014-10-21	Agrega documento / Carga masiva	999	\N
1214	1097	2014-10-21	Agrega documento / Carga masiva	999	\N
1215	1098	2014-10-21	Agrega documento / Carga masiva	999	\N
1216	1099	2014-10-21	Agrega documento / Carga masiva	999	\N
1217	1100	2014-10-21	Agrega documento / Carga masiva	999	\N
1218	1101	2014-10-21	Agrega documento / Carga masiva	999	\N
1219	1102	2014-10-21	Agrega documento / Carga masiva	999	\N
1220	1103	2014-10-21	Agrega documento / Carga masiva	999	\N
1221	1104	2014-10-21	Agrega documento / Carga masiva	999	\N
1222	1105	2014-10-21	Agrega documento / Carga masiva	999	\N
1223	1106	2014-10-21	Agrega documento / Carga masiva	999	\N
1224	1107	2014-10-21	Agrega documento / Carga masiva	999	\N
1225	1108	2014-10-21	Agrega documento / Carga masiva	999	\N
1226	1109	2014-10-21	Agrega documento / Carga masiva	999	\N
1227	1110	2014-10-21	Agrega documento / Carga masiva	999	\N
1228	1111	2014-10-21	Agrega documento / Carga masiva	999	\N
1229	1112	2014-10-21	Agrega documento / Carga masiva	999	\N
1230	1113	2014-10-21	Agrega documento / Carga masiva	999	\N
1231	1114	2014-10-21	Agrega documento / Carga masiva	999	\N
1232	1115	2014-10-21	Agrega documento / Carga masiva	999	\N
1233	1116	2014-10-21	Agrega documento / Carga masiva	999	\N
1234	1117	2014-10-21	Agrega documento / Carga masiva	999	\N
1235	1118	2014-10-21	Agrega documento / Carga masiva	999	\N
1236	1119	2014-10-21	Agrega documento / Carga masiva	999	\N
1237	1120	2014-10-21	Agrega documento / Carga masiva	999	\N
1238	1121	2014-10-21	Agrega documento / Carga masiva	999	\N
1239	1122	2014-10-21	Agrega documento / Carga masiva	999	\N
1240	1123	2014-10-21	Agrega documento / Carga masiva	999	\N
1241	1124	2014-10-21	Agrega documento / Carga masiva	999	\N
1242	1125	2014-10-21	Agrega documento / Carga masiva	999	\N
1243	1126	2014-10-21	Agrega documento / Carga masiva	999	\N
1244	1127	2014-10-21	Agrega documento / Carga masiva	999	\N
1245	1128	2014-10-21	Agrega documento / Carga masiva	999	\N
1246	1129	2014-10-21	Agrega documento / Carga masiva	999	\N
1247	1130	2014-10-21	Agrega documento / Carga masiva	999	\N
1248	1131	2014-10-21	Agrega documento / Carga masiva	999	\N
1249	1132	2014-10-21	Agrega documento / Carga masiva	999	\N
1250	1133	2014-10-21	Agrega documento / Carga masiva	999	\N
1251	1134	2014-10-21	Agrega documento / Carga masiva	999	\N
1252	1135	2014-10-21	Agrega documento / Carga masiva	999	\N
1253	1136	2014-10-21	Agrega documento / Carga masiva	999	\N
1254	1137	2014-10-21	Agrega documento / Carga masiva	999	\N
1255	1138	2014-10-21	Agrega documento / Carga masiva	999	\N
1256	1139	2014-10-21	Agrega documento / Carga masiva	999	\N
1257	1140	2014-10-21	Agrega documento / Carga masiva	999	\N
1258	1141	2014-10-21	Agrega documento / Carga masiva	999	\N
1259	1142	2014-10-21	Agrega documento / Carga masiva	999	\N
1260	1143	2014-10-21	Agrega documento / Carga masiva	999	\N
1261	1144	2014-10-21	Agrega documento / Carga masiva	999	\N
1262	1145	2014-10-21	Agrega documento / Carga masiva	999	\N
1263	1146	2014-10-21	Agrega documento / Carga masiva	999	\N
1264	1147	2014-10-21	Agrega documento / Carga masiva	999	\N
1265	1148	2014-10-21	Agrega documento / Carga masiva	999	\N
1266	1149	2014-10-21	Agrega documento / Carga masiva	999	\N
1267	1150	2014-10-21	Agrega documento / Carga masiva	999	\N
1268	1151	2014-10-21	Agrega documento / Carga masiva	999	\N
1269	1152	2014-10-21	Agrega documento / Carga masiva	999	\N
1270	1153	2014-10-21	Agrega documento / Carga masiva	999	\N
1271	1154	2014-10-21	Agrega documento / Carga masiva	999	\N
1272	1155	2014-10-21	Agrega documento / Carga masiva	999	\N
1273	1156	2014-10-21	Agrega documento / Carga masiva	999	\N
1274	1157	2014-10-21	Agrega documento / Carga masiva	999	\N
1275	1158	2014-10-21	Agrega documento / Carga masiva	999	\N
1276	1159	2014-10-21	Agrega documento / Carga masiva	999	\N
1277	1160	2014-10-21	Agrega documento / Carga masiva	999	\N
1278	1161	2014-10-21	Agrega documento / Carga masiva	999	\N
1279	1162	2014-10-21	Agrega documento / Carga masiva	999	\N
1280	1163	2014-10-21	Agrega documento / Carga masiva	999	\N
1281	1164	2014-10-21	Agrega documento / Carga masiva	999	\N
1282	1165	2014-10-21	Agrega documento / Carga masiva	999	\N
1283	1166	2014-10-21	Agrega documento / Carga masiva	999	\N
1284	1167	2014-10-21	Agrega documento / Carga masiva	999	\N
1285	1168	2014-10-21	Agrega documento / Carga masiva	999	\N
1286	1169	2014-10-21	Agrega documento / Carga masiva	999	\N
1287	1170	2014-10-21	Agrega documento / Carga masiva	999	\N
1288	1171	2014-10-21	Agrega documento / Carga masiva	999	\N
1289	1172	2014-10-21	Agrega documento / Carga masiva	999	\N
1290	1173	2014-10-21	Agrega documento / Carga masiva	999	\N
1291	1174	2014-10-21	Agrega documento / Carga masiva	999	\N
1292	1175	2014-10-21	Agrega documento / Carga masiva	999	\N
1293	1176	2014-10-21	Agrega documento / Carga masiva	999	\N
1294	1177	2014-10-21	Agrega documento / Carga masiva	999	\N
1295	1178	2014-10-21	Agrega documento / Carga masiva	999	\N
1296	1179	2014-10-21	Agrega documento / Carga masiva	999	\N
1297	1180	2014-10-21	Agrega documento / Carga masiva	999	\N
1298	1181	2014-10-21	Agrega documento / Carga masiva	999	\N
1299	1182	2014-10-21	Agrega documento / Carga masiva	999	\N
1300	1183	2014-10-21	Agrega documento / Carga masiva	999	\N
1301	1184	2014-10-21	Agrega documento / Carga masiva	999	\N
1302	1185	2014-10-21	Agrega documento / Carga masiva	999	\N
1303	1186	2014-10-21	Agrega documento / Carga masiva	999	\N
1304	1187	2014-10-21	Agrega documento / Carga masiva	999	\N
1305	1188	2014-10-21	Agrega documento / Carga masiva	999	\N
1306	1189	2014-10-21	Agrega documento / Carga masiva	999	\N
1307	1190	2014-10-21	Agrega documento / Carga masiva	999	\N
1308	1191	2014-10-21	Agrega documento / Carga masiva	999	\N
1309	1192	2014-10-21	Agrega documento / Carga masiva	999	\N
1310	1193	2014-10-21	Agrega documento / Carga masiva	999	\N
1311	1194	2014-10-21	Agrega documento / Carga masiva	999	\N
1312	1195	2014-10-21	Agrega documento / Carga masiva	999	\N
1313	1196	2014-10-21	Agrega documento / Carga masiva	999	\N
1314	1197	2014-10-21	Agrega documento / Carga masiva	999	\N
1315	1198	2014-10-21	Agrega documento / Carga masiva	999	\N
1316	1199	2014-10-21	Agrega documento / Carga masiva	999	\N
1317	1200	2014-10-21	Agrega documento / Carga masiva	999	\N
1318	1201	2014-10-21	Agrega documento / Carga masiva	999	\N
1319	1202	2014-10-21	Agrega documento / Carga masiva	999	\N
1320	1203	2014-10-21	Agrega documento / Carga masiva	999	\N
1321	1204	2014-10-21	Agrega documento / Carga masiva	999	\N
1322	1205	2014-10-22	Agrega documento / TEST	1004	\N
1323	1205	2014-10-22	Documento derivado a empresa de cobranza	1004	\N
1324	43	2014-10-22	Documento derivado a empresa de cobranza	1004	\N
1325	43	2014-10-22	Documento derivado a empresa de cobranza	1004	\N
1326	47	2014-10-22	Documento derivado a empresa de cobranza	1004	\N
1327	1206	2014-11-06	Agrega documento / cientoveinte cientoveinte	4	\N
1328	1206	2014-11-06	Documento derivado a empresa de cobranza	4	\N
1329	1207	2014-11-06	Agrega documento / cientodiez cientodiez	1	\N
1330	1194	2014-11-06	Modifica documento - Alejandro Alvarado/ Pago Provee/ indica que el pago de la factura esta programado para el dia 14-11-2014. llamar para re-confirmar el pago.	1004	\N
1331	1195	2014-11-06	Modifica documento - Alejandro Alvarado/ Pago Provee/ indica que fecha probable de pago de fact es para el dia 12-12-14. llamar para confirmar pago.	1004	\N
1332	1208	2014-11-06	Agrega documento / .	1004	\N
1333	1208	2014-11-06	Modifica documento - Karina Gomez/ Pago Provee/ indica que estaria saliendo el pago, solicita que confirmemos pago el 07-11-14 PM. 	1004	\N
1334	440	2014-11-07	Modifica documento - Factura Cancelada	1004	\N
1335	441	2014-11-07	Modifica documento - Factura Cancelada	1004	\N
1336	441	2014-11-07	Modifica documento - Factura Cancelada	1004	\N
1337	442	2014-11-07	Modifica documento - Factura Cancelada	1004	\N
1338	1206	2014-11-07	Documento derivado a empresa de cobranza	4	\N
1339	1209	2014-11-07	Agrega documento / cientotreinta	4	\N
1340	1210	2014-11-07	Agrega documento / cientocuarenta	4	\N
1341	1209	2014-11-07	Publicado en informes comerciales	4	\N
1342	1210	2014-11-07	Publicado en informes comerciales	4	\N
1343	1209	2014-11-07	Documento derivado a empresa de cobranza	4	\N
1344	1211	2014-11-07	Agrega documento / cientocincuenta	4	\N
1345	1212	2014-11-07	Agrega documento / cientosesenta	4	\N
1346	1211	2014-11-07	Modifica documento - recaudar cientocincuenta	4	\N
1347	1212	2014-11-07	Modifica documento - Repactar la deudaaaa	4	\N
1348	1211	2014-11-07	Documento derivado a empresa de cobranza	4	\N
1349	1212	2014-11-07	Documento derivado a empresa de cobranza	4	\N
1350	1113	2014-11-11	Modifica documento - Factura Cancelada.	1004	\N
1351	316	2014-11-11	Modifica documento - Factura Cancelada con deposito a la Cta. Cte de Dom el dia 11-11-14	1004	\N
1352	317	2014-11-11	Modifica documento - Factura Cancelada con deposito a la Cta. Cte de Dom el dia 11-11-14	1004	\N
1353	1014	2014-11-11	Modifica documento - Factura Cancelada con deposito a la Cta. Cte de Dom el dia 11-11-14	1004	\N
1354	1030	2014-11-12	Modifica documento - Se intentan reiterados contactos sin tener exito.	1004	\N
1355	1032	2014-11-12	Modifica documento - Factura cancelada	1004	\N
1356	1037	2014-11-12	Modifica documento - Factura Cancelada	1004	\N
1357	1035	2014-11-12	Modifica documento - Factura Cancelada	1004	\N
1358	1033	2014-11-12	Modifica documento - Factura Cancelada	1004	\N
1359	1031	2014-11-12	Modifica documento - Jorge Santana/ Pago Provee/ Factura pendiente de pago. solicita que llamemos la proxima semana para saber por estado de factura.	1004	\N
1360	1034	2014-11-12	Modifica documento - Jorge Santana/ Pago Provee/ Factura pendiente de pago. solicita que llamemos la proxima semana para saber por estado de factura.	1004	\N
1361	1036	2014-11-12	Modifica documento - Jorge Santana/ Pago Provee/ indica que pago de factura sera el dia 14-11-14 a traves de transfrencia electronica.	1004	\N
1362	1053	2014-11-12	Modifica documento - Factura Cancelada	1004	\N
1363	1054	2014-11-12	Modifica documento - Factura Cancelada	1004	\N
1364	688	2014-11-13	Modifica documento - Factura Cancelada	1004	\N
1365	43	2014-11-17	Modifica documento - Factura Cancelada	1004	\N
1366	44	2014-11-17	Modifica documento - Factura en proceso de pago. llamar para saber estado de ella nuevamente.	1004	\N
1367	1030	2014-11-17	Modifica documento - se intentan reiterados contactos al celular del deudor sin tener exito.	1004	\N
1368	1094	2014-11-18	Modifica documento - Factura Cancelada	1004	\N
1369	1097	2014-11-18	Modifica documento - Factura Cancelada	1004	\N
1370	1095	2014-11-18	Modifica documento - Factura Cancelada	1004	\N
1371	1096	2014-11-18	Modifica documento - Factura Cancelada	1004	\N
1372	1096	2014-11-18	Modifica documento - Factura Cancelada	1004	\N
1373	1070	2014-11-20	Modifica documento - Factura con problemas de pago. Deudor solicita descuentos y cliente indica que esta fuera de plazo para solicitar descuentos. Se ve en conjunto el estado de la factura	1004	\N
1374	1014	2014-11-20	Modifica documento - Factura Cancelada con deposito a la Cta. Cte de Dom el dia 11-11-14	1004	\N
1375	1198	2014-11-20	Modifica documento - Factura Cancelada el dia 12-11-14 con deposito en la Cta. Cte. del cliente	1004	\N
1376	1199	2014-11-20	Modifica documento - Factura Cancelada el dia 12-11-14 con deposito en la Cta. Cte. del cliente	1004	\N
1377	1090	2014-11-21	Modifica documento - Emilio/ dueño/ no contesta telefono celular y no se encuentra en la oficina. no cumple con acuerdo. se analiza con cliente publicacion en boletin comercial	1004	\N
1378	1091	2014-11-21	Modifica documento - Emilio/ dueño/ no contesta telefono celular y no se encuentra en la oficina. no cumple con acuerdo. se analiza con cliente publicacion en boletin comercial	1004	\N
1379	1092	2014-11-21	Modifica documento - Emilio/ dueño/ no contesta telefono celular y no se encuentra en la oficina. no cumple con acuerdo. se analiza con cliente publicacion en boletin comercial	1004	\N
1380	1093	2014-11-21	Modifica documento - Emilio/ dueño/ no contesta telefono celular y no se encuentra en la oficina. no cumple con acuerdo. se analiza con cliente publicacion en boletin comercial	1004	\N
1381	1070	2014-11-21	Modifica documento - Haydee informa que no corresponde descuento al deudor, por lo tanto debe cancelar el total de la factura. Se intentan reiterados contacto con deudor sin tener exito.	1004	\N
1382	967	2014-11-24	Modifica documento - Revisar portal proveedores, para consultar por estado de factura	1004	\N
1383	967	2014-11-24	Modifica documento - revisar portal prove3edores	1004	\N
1384	967	2014-11-25	Modifica documento - Se le solicita reporte de portal proveedores a Haydee para consultar por estado. Portal indica que factura se encuentra en proceso de pago.	1004	\N
1385	968	2014-11-25	Modifica documento - Haydee indica que factura se encuentra cancelada. Solo falta rebajarla del sistema	1004	\N
1386	1213	2014-11-25	Agrega documento / 	1004	\N
1387	1214	2014-11-25	Agrega documento / 	1004	\N
1388	1215	2014-11-25	Agrega documento / 	1004	\N
1389	1216	2014-11-25	Agrega documento / consultar a deudor fecha de entrega de documento a fecha	1004	\N
1390	1217	2014-11-25	Agrega documento / consultar a deudor fecha de entrega de documento a fecha	1004	\N
1391	1031	2014-11-25	Modifica documento - factura cancelada segun informes de DOM S.A.	1004	\N
1392	1036	2014-11-25	Modifica documento - factura cancelada segun informes de DOM S.A.	1004	\N
1393	1070	2014-11-25	Modifica documento - Via mail se le informa a Danny Ruiz (Gerente General) que debe cancelar lo antes posible el total de la factura. No es posible hacer descuentos por la mora del documento.	1004	\N
1394	44	2014-11-26	Modifica documento - Factura Documentada a la espera que se rebaje de los sistemas de DOM S.A.	1004	\N
1395	122	2014-11-26	Modifica documento - Factura Documentada segun informe de DOM S.A. a la espera de fecha de documento para rebajar del sistema.	1004	\N
1396	1218	2014-11-27	Agrega documento / 	1004	\N
1397	1218	2014-11-27	Modifica documento - Factura cancelada segun informe de DOM S.A.	1004	\N
1398	1219	2014-11-27	Agrega documento / Factura pendiente de documentar. Deudor documenta todas sus facturas	1004	\N
1399	1090	2014-11-28	Publicado en informes comerciales	1004	\N
1400	1091	2014-11-28	Publicado en informes comerciales	1004	\N
1401	1092	2014-11-28	Publicado en informes comerciales	1004	\N
1402	1220	2014-12-04	Agrega documento / 	1004	\N
1403	1221	2014-12-04	Agrega documento / 	1004	\N
1404	1222	2014-12-04	Agrega documento / 	1004	\N
1405	1223	2014-12-09	Agrega documento / factura cuenta con un abono de $216.600.-	1004	\N
1406	1224	2014-12-18	Agrega documento / 	0	\N
1407	1225	2014-12-18	Agrega documento / 	1004	\N
1408	1226	2014-12-18	Agrega documento / 	1004	\N
1409	1227	2014-12-18	Agrega documento / 	1004	\N
1410	1228	2015-01-29	Agrega documento / Factura con mora de mas de 30 días. Se intentan reiterados contactos sin tener éxito.	1004	\N
1411	1229	2015-02-16	Agrega documento / 	1004	\N
\.


--
-- Data for Name: InformeComercial; Type: TABLE DATA; Schema: public; Owner: postgres
--

COPY "InformeComercial" (codigo, "CodDoc") FROM stdin;
11	4
18	7
22	2
24	5
25	3
26	9
27	22
28	25
29	26
30	21
31	23
32	32
33	32
34	1209
35	1210
36	1090
37	1091
38	1092
\.


--
-- Data for Name: Mensajes; Type: TABLE DATA; Schema: public; Owner: postgres
--

COPY "Mensajes" ("Codigo", "Emisor", "Receptor", "FechaEnvio", "Mensaje", "Estado", "Asunto", "Conversacion") FROM stdin;
\.


--
-- Data for Name: OperadorCliente; Type: TABLE DATA; Schema: public; Owner: postgres
--

COPY "OperadorCliente" (codigo, "txtNomOperador", "rutOperador", "seqRegionChile", "txtDirOperador", "txtTelOperador", "seqCliente", "seqTipoOperador", "txtUsuOperador", "txtClaveOperador", "Visible") FROM stdin;
3	carlos murga	18.124.345-3	9	alameda 1234	12312323	1	3	cmurga	edfa81d5714d702821aed479c5fceb14	t
999	COBRO GESTION	11.111.111-11	4	SANTA ISABEL 123	23489238	3	1	cobrogestion	ce6f4eb0686d3fdd8138de233249f7a8	t
4	RODOLFO PARDO	14.342.234-6	6	2 NORTE 234	3247653	1	3	rpardo	a591ca3ef364ed6a5a46c28afb6500b6	t
1002	Oscar Olavarría	14002444-6	7	Av.Oscaroscar 459	555-0986	1	3	oolavarria	fe4ac604b4ce35d850034d0a9e08487a	t
5	w q	qq	1	q	q	1	3	q	7694f4a66316e53c8cdd9d9954bd611d	f
1001	Ximena Xávez	15000444-9	1	x	x	2	3	x	9dd4e461268c8034f5c8564e155c67a6	t
1000	h h	d	1	h	h	1	3	h	fe48d9de8ee2c143940417fd4894278a	t
1	LEONARDO TOLOZA	16.997.745-3	5	matta 1070	73067673	1	1	ltoloza	573df780c26160a634f201cf4002feb7	t
9	juan perez	1-9	1	miraflores 3213	8726312	1	3	jperez	ebde0645e6d2a650fb009be4dae6694e	t
10	daniela mendez	2-8	1	torre blanca 123	233123321	1	3	dmendez	6db0aeb9bff420a5169026940f2c5a54	t
11	javier lopez	3-7	1	villa seca 234	12312313	1	3	jlopez	cbe1ba534465de78cea731b2ba3e571e	t
12	Cesar Labra	11111	10	kkkkk	9999	1	3	cesar	6f597c1ddab467f7bf5498aad1b41899	t
1003	\N	\N	\N	\N	\N	4	1	jaime.dominguez	ce6f4eb0686d3fdd8138de233249f7a8	\N
6	Víctor Núñez	9.999.999-5	1	San Patricio 4099, Oficina 103, Vitacura	12393222	2	3	victor.nunez	ce6f4eb0686d3fdd8138de233249f7a8	t
2	Claudio Pefaur	9.999.999-7	1	San Patricio 4099, Oficina 103, Vitacura	12984832	2	1	claudio.pefaur	ce6f4eb0686d3fdd8138de233249f7a8	t
8	rpardo_1 rpardo	111222	1	123	3247653	2	3	rpardo_1	ce6f4eb0686d3fdd8138de233249f7a8	t
1005	\N	\N	\N	\N	\N	5	1	pirley	ce6f4eb0686d3fdd8138de233249f7a8	\N
1006	Orlando Ossa	11.111.111-11	1	Av. Orlandez 111	2111-111	1	3	oossa	ce6f4eb0686d3fdd8138de233249f7a8	t
13	asd ads	asd	1	asd	asd	2	3	asd	802406e88762185615b445deff237a71	t
1004	Jorge Guerrero	9.999.999-9	1	San Patricio 4099, Oficina 103, Vitacura	02 29527293	4	3	jguerrero	802406e88762185615b445deff237a71	t
\.


--
-- Data for Name: Recauda; Type: TABLE DATA; Schema: public; Owner: postgres
--

COPY "Recauda" (codigo, "CodDoc", "Lugar", "Contacto", "Hora", "TipoDocPago") FROM stdin;
1	5	BANCO CHILE	ANA LOPEZ	17:00	0
2	6	M	M	M	0
3	6	asd	ads	asd	0
4	5	asd	asd	asd	1
5	5	lugar	contacto	hora	0
6	5	asdsadasdasdasd	asd	asd	0
7	3	aa	dd	13:00	0
8	6	aa	dd	13:00	0
9	5	aa	dd	13:00	0
10	2	adk	d	u	0
12	3				2
13	24	BILBAO	RODRIGO 	18:00	2
\.


--
-- Data for Name: Recaudacion; Type: TABLE DATA; Schema: public; Owner: postgres
--

COPY "Recaudacion" (codigo, "SeqDocumento", "Direccion", "NombreContacto", "Hora", "SeqDocumentoPago", "SeqBancoOrigen", "Dato2", "Dato3") FROM stdin;
6	18	APOQUINDO 3600	LEO TOLOZA	17:00	2	1	555553234	JUAN PEREZ
7	21	PROVIDENCIA 1123	MARIA GONZALEZ	11:00	0	1	9876543	
8	23	el nido	fo	1200	2	1	12333	foshino
9	29	HKHJK	COCACOLA		0	1		
10	42				0	1		
11	64				0	1		
12	440				2	28		
13	1211	Oficina central	Rosa Ramos	15 hrs	0	1	49000084	
14	1036				2	1		
\.


--
-- Data for Name: RegionChile; Type: TABLE DATA; Schema: public; Owner: postgres
--

COPY "RegionChile" (codigo, "NomRegion", "NumRegion") FROM stdin;
1	Metropolitana de Santiago	XIII
2	Arica y Parinacota	XV
3	Tarapacá	I
4	Antofagasta	II
5	Atacama	III
16	Magallanes	XII
15	Aysén	XI
14	Los Lagos	X
13	Los Ríos	XIV
12	La Araucanía	IX
11	Biobío	VIII
10	Maule	VII
9	O'Higgins	VI
7	Valparaíso	V
6	Coquimbo	IV
\.


--
-- Data for Name: RelAccionEstado; Type: TABLE DATA; Schema: public; Owner: postgres
--

COPY "RelAccionEstado" (codigo, "codAccion", "codEstado") FROM stdin;
16	4	2
17	4	3
18	4	4
19	4	5
20	4	6
21	4	1
55	-1	3
56	-1	4
57	-1	5
58	-1	6
59	-1	2
60	-1	1
61	1	4
62	1	5
63	1	6
64	1	2
65	1	1
67	2	4
68	2	5
69	2	6
70	2	2
71	2	1
72	3	4
73	3	5
74	3	6
75	3	2
76	3	1
77	5	4
78	5	5
79	5	6
80	5	2
81	5	1
82	6	4
83	6	5
84	6	6
85	6	2
86	6	1
87	7	4
88	7	5
89	7	6
90	7	2
91	7	1
92	8	4
93	8	5
94	8	6
95	8	2
96	8	1
97	1	0
98	2	0
99	3	0
100	5	0
101	6	0
102	7	0
103	8	0
\.


--
-- Data for Name: RelEstadoAccion; Type: TABLE DATA; Schema: public; Owner: postgres
--

COPY "RelEstadoAccion" (codigo, "codEstado", "codAccion") FROM stdin;
4	3	1
5	3	2
6	3	3
7	3	5
8	3	6
9	3	7
10	3	8
11	6	1
12	6	2
13	6	3
14	6	5
15	6	6
16	6	7
17	6	8
18	2	1
19	2	2
20	2	3
21	0	1
22	0	2
23	0	3
24	0	5
25	0	6
26	0	7
27	0	8
30	-1	1
31	-1	2
32	-1	3
33	-1	5
34	-1	6
35	-1	7
36	-1	8
37	1	1
38	1	2
39	1	3
40	1	5
41	1	6
42	1	7
43	1	8
44	5	1
45	5	2
46	5	3
47	5	5
48	5	6
49	5	7
50	5	8
\.


--
-- Data for Name: RutsUsuarios; Type: TABLE DATA; Schema: public; Owner: postgres
--

COPY "RutsUsuarios" (codigo, "RutAsociado", "TipoRut") FROM stdin;
2	2134532	1
3	123456789	1
4	34564-kkka	5
5	asd	4
12	0000000	3
7	jj	4
6	123133	5
9	666	2
8	08976543	3
10	9999999-1	3
11	0191928282	4
1	16997745-3	1
13	1239493232	3
14	1111	4
15	p	1
16	j	1
17	0	1
18	k	1
19	0	1
20	0	1
21	1627034445	1
22	1627034445	1
23	0	1
24	a	1
25	d	1
26	123456	1
27	12345	1
28	0	2
29	18.124.345-3	1
30	14.342.234-4	1
31	qq	1
32	14.342.234-4	1
33	1-9	1
34	111	1
35	1-9	1
36	2-8	1
37	3-7	1
38	11111	1
39		1
40	19	1
41	asd	1
42	h	1
43	x	1
44	14002444-6	1
45	16000333-9	1
46	0	1
47	1111111111	1
48	111111111	1
49	11111111	1
50	111111	1
51	111111111	1
52	0	1
53	0	1
54	0	1
55	0	1
56	0	1
57	0	1
58	9.999.999-9	1
59	0	1
60	0	1
61	0	1
62	0	1
63	0	1
64	0	1
65	0	1
66	0	1
67	0	1
68	0	1
69	0	1
70	0	1
71	0	1
72	0	1
73	0	1
74	0	1
75	0	1
76	0	1
77	0	1
78	0	1
79	0	1
80	0	1
81	0	1
82	0	1
83	0	1
84	0	1
85	0	1
86	0	1
87	0	1
88	0	1
89	0	1
90	0	1
91	0	1
92	0	1
93	0	1
94	0	1
95	0	1
96	0	1
97	0	1
98	0	1
99	0	1
100	0	1
101	0	1
102	0	1
103	0	1
104	0	1
105	0	1
106	0	1
107	0	1
108	0	1
109	0	1
110	0	1
111	0	1
112	0	1
113	0	1
114	0	1
115	0	1
116	0	1
117	0	1
118	0	1
119	0	1
120	0	1
121	0	1
122	0	1
123	0	1
124	0	1
125	0	1
126	0	1
127	0	1
128	0	1
129	0	1
130	0	1
131	0	1
132	0	1
133	0	1
134	0	1
135	0	1
136	0	1
137	0	1
138	0	1
139	0	1
140	0	1
141	0	1
142	0	1
143	0	1
144	0	1
145	0	1
146	0	1
147	0	1
148	0	1
149	0	1
150	0	1
151	0	1
152	0	1
153	0	1
154	0	1
155	0	1
156	0	1
157	0	1
158	0	1
159	0	1
160	0	1
161	0	1
162	0	1
163	0	1
164	0	1
165	0	1
166	0	1
167	0	1
168	0	1
169	0	1
170	0	1
171	0	1
172	0	1
173	0	1
174	0	1
175	0	1
176	0	1
177	0	1
178	0	1
179	0	1
180	0	1
181	0	1
182	0	1
183	0	1
184	0	1
185	0	1
186	0	1
187	0	1
188	0	1
189	0	1
190	0	1
191	0	1
192	0	1
193	0	1
194	0	1
195	0	1
196	0	1
197	0	1
198	0	1
199	0	1
200	0	1
201	0	1
202	0	1
203	0	1
204	0	1
205	0	1
206	0	1
207	0	1
208	0	1
209	0	1
210	0	1
211	0	1
212	0	1
213	0	1
214	0	1
215	0	1
216	0	1
217	0	1
218	0	1
219	0	1
220	0	1
221	0	1
222	0	1
223	0	1
224	0	1
225	0	1
226	0	1
227	0	1
228	0	1
229	0	1
230	0	1
231	0	1
232	0	1
233	0	1
234	0	1
235	0	1
236	0	1
237	0	1
238	0	1
239	0	1
240	0	1
241	0	1
242	0	1
243	0	1
244	0	1
245	0	1
246	0	1
247	0	1
248	0	1
249	0	1
250	0	1
251	0	1
252	0	1
253	0	1
254	0	1
255	0	1
256	0	1
257	0	1
258	0	1
259	0	1
260	0	1
261	0	1
262	0	1
263	0	1
264	0	1
265	0	1
266	0	1
267	0	1
268	0	1
269	0	1
270	0	1
271	0	1
272	0	1
273	0	1
274	0	1
275	0	1
276	0	1
277	0	1
278	0	1
279	0	1
280	0	1
281	11.111.111-11	1
282	11.111.111-11	1
283	77002380-7	1
284	77002380-7	1
285	0	1
286	76.065.942-8	1
287	0	1
\.


--
-- Data for Name: TipoCliente; Type: TABLE DATA; Schema: public; Owner: postgres
--

COPY "TipoCliente" ("seqTipoCliente", "txtNomTipoCliente") FROM stdin;
1	CLIENTE
2	EMPRESA DE COBRANZA
0	ADMINISTRADOR
\.


--
-- Data for Name: TipoContacto; Type: TABLE DATA; Schema: public; Owner: postgres
--

COPY "TipoContacto" (codigo, "NomTipoContacto", "Descripcion") FROM stdin;
1	Regular	asd
2	Cobranza	asdasd
\.


--
-- Data for Name: TipoDocumento; Type: TABLE DATA; Schema: public; Owner: postgres
--

COPY "TipoDocumento" (codigo, "Nombre", "Descripcion") FROM stdin;
0	Facturas	desc facturas
1	Cheques	desc cheques
2	Letras	desc letras
3	NC	desc NC
4	Otros	desc Otros
\.


--
-- Data for Name: TipoOperadorCL; Type: TABLE DATA; Schema: public; Owner: postgres
--

COPY "TipoOperadorCL" ("txtNomTipoOP", "txtDescTipoOP", codigo) FROM stdin;
OPERADOR	Cliente con permiso de edición de documentos.	2
ADMINISTRADOR	Cliente con todos los permisos.	1
\.


--
-- Data for Name: TipoPersona; Type: TABLE DATA; Schema: public; Owner: postgres
--

COPY "TipoPersona" (codigo, "Nombre") FROM stdin;
1	natural
2	juridica
\.


--
-- Data for Name: TipoRut; Type: TABLE DATA; Schema: public; Owner: postgres
--

COPY "TipoRut" (codigo, "txtTipoRut") FROM stdin;
2	NIT
3	CPF
4	CNPJ
5	CUIT
1	RUT
\.


--
-- Data for Name: TramoAccion; Type: TABLE DATA; Schema: public; Owner: postgres
--

COPY "TramoAccion" (codigo, "Nombre") FROM stdin;
1	Acciones de hoy
2	Acciones atrasadas
3	Acciones futuras
\.


--
-- Data for Name: Z_TABLE; Type: TABLE DATA; Schema: public; Owner: postgres
--

COPY "Z_TABLE" ("COL_A") FROM stdin;
select 1 from dual
select 1 from dual
select 1 from dual
\.


--
-- Data for Name: accion; Type: TABLE DATA; Schema: public; Owner: postgres
--

COPY accion (codigo, "NomAccion", "desc") FROM stdin;
1	Llamar	desc_llamar
2	Enviar email	desc_mail
3	Recaudar	desc_recaudar
5	Visitar	desc_visitar
6	Repactar	desc_repactar
7	Enviar carta	desc_carta
8	Cobranza Judicial	desc_cobr_jud
\.


--
-- Data for Name: deudor; Type: TABLE DATA; Schema: public; Owner: postgres
--

COPY deudor (codigo, nombres, apellidos, direccion, "Region", comuna, tipopersona, "Cliente", "Rut", "Visible") FROM stdin;
12	CAMILO	ANDRADE	CERRO CARACOL	10	CONCEPCION	1	1	0191928282	t
5	RKO		NUEVA PROVIDENCIA 123	4	PROVIDENCIA	2	1	1239493232	t
3	Rodrigo	Parada	Santiago	3	Santiago	2	2	123133	t
6	PEDRO	CASTRO	VILLA MELGARES	7	TALCA	1	1	666	f
11	JOSE	ARAYA		9	TALCA	1	1	9999999-1	f
15	Rodolfo	Pardo		9		1	1	1123456	\N
10	j	j	j	10	j	1	1	jj	f
14	p	p	p	8	p	1	1	p	f
16	p	p	p	1	pp	1	1	pp	f
19	TEO	CARVAJAL		6	VIÑA	1	10	AS233	t
7	ról		agustinas	9	santiago	2	1	08976543	f
17	FELIPE	PANO	a	8	RANCAGUA	1	1	1234567	f
20	juan	mendez	ARICAAAAA	1	ARICA	1	1	44444	t
13	abcdé	abcdé	Av. Chiloe 234	15	Punta Arenasxxxx	1	1	1111	t
4	LéóNáRDóiiii	TólóZá GóNZáLéZZ	AV. BILBAO 10233	3	PROVIDENCIAxx	1	1	16997745-3	t
21	leo	garcia		1	provi	1	1	111111111	t
22	leo	garcia	asd	1	provi	1	1	11111111	t
23	leo	garcia	asdad	1	provi	1	1	111111	t
24	Felipe	leteier		1	recoleta	1	1	111111111	t
18	ALBERTO	ARRIAGADA	a	1	a	1	4	a	t
25	COMERCIAL ABC		Av. Borgono 56	1	Santiago	2	4	99000781-1	t
27	COMERCIAL Z		Av. Perez 6789	1	Santiago	2	4	99777400-1	t
28	Cobro	Gestion		1	providencia	1	0	11111111-1	t
29	Cobro	Gestion		1	providencia	1	0	11111111-1	t
30	123	22	222	1	22	1	0	222	t
26	COMERCIAL ABC		Av. Borgono 56	1	Santiago	2	4	99000781-1	f
38	CLAUDIO AGUILERA SCIBERRAS			1		1	1004	10372136-9	t
39	BERNARDO ALFREDO BARRIA AMPUERO			1		1	1004	10843102-4	t
41	CLAUDIO FERNANDO DIHMES SAURE			1		1	1004	11645571-4	t
42	Marcelo Robin Robin			1		1	1004	12537272-4	t
43	Luis Mayorines Saavedra			1		1	1004	12704297-7	t
44	CAROLINA ANDREA WERNER HOFFMANN			1		1	1004	13848561-7	t
37	DISTRIBUIDORA FENIX LTDA.			1	Independencia	2	4	99000999-7	t
45	FABIAN ANDRES SAAVEDRA MIRANDA			1		1	1004	15405644-0	t
46	CONSTRUCTORA FELIPE TORREALBA			1		1	1004	16742835-5	t
47	Gonzalez Valencia Luis y Otra			1		1	1004	51038320-6	t
48	Luis Fernandez Drey			1		1	1004	6002129-5	t
49	FUNDACION SAN JOSE CARPINTERO			1		1	1004	65028635-9	t
50	Hugo Holmgren del Pino			1		1	1004	6743346-7	t
51	AUGUSTO OSVALDO GUTIERREZ GUAJARDO			1		1	1004	6956902-1	t
52	GASTON MORENO FERNANDEZ			1		1	1004	7016529-5	t
53	JAIME CONTRERAS VILLABLANCA			1		1	1004	7062429-k	t
54	AKERONCAF SERVICIOS INDUSTRIALES LTDA			1		1	1004	76002884-3	t
55	Ecsa Ltda			1		1	1004	76004171-8	t
56	CONSTRUCTORA PRADO VERDE LTDA.			1		1	1004	76009867-1	t
57	CONSTRUCTORA SAN ISIDRO S.A			1		1	1004	76012891-0	t
58	OCEA CHILE SA			1		1	1004	76018303-2	t
59	ENSI INGENIERIA Y CONSTRUCCION LTDA.			1		1	1004	76019523-5	t
60	CONSTRUCTORA FUTALEUFU S.A			1		1	1004	76023463-k	t
61	CONSTRUCTORA FG LIMITADA			1		1	1004	76024625-5	t
62	ALTHA LTDA.			1		1	1004	76033630-0	t
63	EMPRESA CONSTRUCTORA LACAR			1		1	1004	76036722-2	t
64	Constructora Ageovial Ltda.			1		1	1004	76039787-3	t
65	AMESTICA Y AMESTICA LTDA.			1		1	1004	76043883-9	t
66	CONSTRUCTORA INMOBILIARIA E INVERSIONES OVAL LTDA			1		1	1004	76048251-K	t
67	CONSTRUCTORA EDIMAQ S.A			1		1	1004	76049746-0	t
68	ARENADOS INDUSTRIALES SPA			1		1	1004	76051396-2	t
69	Task Limitada			1		1	1004	76053198-7	t
70	CONSTRUCCIONES MGD E.I.R.L.			1		1	1004	76055248-8	t
71	CONSTRUCTORA PLAZA DE ARMAS LTDA.			1		1	1004	76055295-k	t
72	Ing. Civil y Const. Andrés Pineda Ltda.			1		1	1004	76057932-7	t
73	CONSTRUCTORA PIEDRA ALTA S.A.			1		1	1004	76058918-7	t
74	CONSTRUCTORA LOS TRAPENSES S.A.			1		1	1004	76058936-5	t
75	Constructora VDZ Spa.			1		1	1004	76060625-1	t
76	OBRAS ESPECIALES CHILE			1		1	1004	76060841-6	t
77	Constructora CPI Ltda.			1		1	1004	76062496-9	t
78	DOS MAS DOS S.A			1		1	1004	76065942-8	t
79	INGENIERIA Y CONSTRUCCION DOMOTEC LIMITADA			1		1	1004	76071594-8	t
80	MARO INGENIERIA Y CONSTRUCCION S.A.			1		1	1004	76073326-1	t
81	CONSTRUCCIONES Y MONTAJES PATRICIO GARRETON LTDA.			1		1	1004	76097734-9	t
82	Constructora Millenium			1		1	1004	76098095-1	t
83	COMERCIALIZADORA HERNAN CASTILLO LARACH E.I.R.L			1		1	1004	76098948-7	t
84	ABACO INGENIERIA Y CONSTRUCCIONES LIMITADA			1		1	1004	76101005-0	t
85	SOCIEDAD DE INGENIERIA Y TRANSPORTES INGETRAM LTDA			1		1	1004	76105131-8	t
86	Constructora Viviendas 2000 Ltda.			1		1	1004	76107042-8	t
87	ABN CONSTRUCCION LTDA			1		1	1004	76107451-2	t
88	MELON S.A.			1		1	1004	76109779-2	t
89	QUALITA LTDA.			1		1	1004	76110662-7	t
90	PECSA CHILE S.A.			1		1	1004	76111101-9	t
91	SERVICIOS MECANIZADOS RIO PUDETO LTDA.			1		1	1004	76114512-6	t
92	CONSTRUCTORA CAMPOREAL LTDA			1		1	1004	76119508-5	t
93	CONSTRUCTORA CERRO MORENO SUR LTDA			1		1	1004	76121572-8	t
94	CRK LTDA.			1		1	1004	76125562-2	t
95	CONSTRUCTORA FUTURO SPA			1		1	1004	76126524-5	t
96	Ingieneria y Asesorias Pragma Ltda.			1		1	1004	76129612-4	t
97	INGENIERIA Y MONTAJES AMBIENTALES SPA			1		1	1004	76134648-2	t
98	Edifika Ltda.			1		1	1004	76136419-7	t
99	Ingeniería y Const. Germán Gómez y Cía Ltda.			1		1	1004	76137730-2	t
100	PROCOIN INDUSTRIAL SA			1		1	1004	76138176-8	t
101	LUMINA CHILE SPA			1		1	1004	76139487-8	t
102	MODENA INGENIERIA Y CONSTRUCCION LIMITADA			1		1	1004	76140059-2	t
103	CONSTRUCTORA PARQUE CHICUREO S.A.			1		1	1004	76145758-6	t
104	CONSTRUCTORA VALLE VOLCANES LTDA.			1		1	1004	76159344-7	t
105	Sociedad Constructora Pincheira Ltda.			1		1	1004	76161356-1	t
106	CONSTRUCTORA CN S.A			1		1	1004	76170186-K	t
107	Transportes Venko Ltda.			1		1	1004	76174838-6	t
108	Constructora S & T Limitada			1		1	1004	76177317-8	t
109	CONSTRUCTORA ALCARRAZ LTDA			1		1	1004	76189216-9	t
110	CONSTRUCTORA AGUILERA LAGOS Y PARRA LTDA			1		1	1004	76197933-7	t
111	Almazan Arquitectura y Construccion Ltda.			1		1	1004	76199627-4	t
112	Constructora Germán Mejías Correa HCC E.I.R.L.			1		1	1004	76199786-6	t
113	CONSTRUCTORA COFRAN LIMITADA			1		1	1004	76202154-4	t
114	CONST. DAVID LEANDRO MANQUENAHUEL EIRL			1		1	1004	76203052-7	t
115	CRISTIAN CID FAUNDEZ CONST. E ING. EIRL			1		1	1004	76204082-4	t
116	SOCIEDAD CONST. E INMOB. FABBRO LTDA.			1		1	1004	76209260-3	t
117	CONSTRUCTORA LEFCO S.A.			1		1	1004	76212075-5	t
118	INDEPRO-IP S.A			1		1	1004	76215876-0	t
119	MG INGENIERIA Y CONSTRUCCIONES SPA			1		1	1004	76218278-5	t
120	CONSTRUCTORA TOOL LTDA			1		1	1004	76218435-4	t
121	EXTRUAL LIMITADA			1		1	1004	76222790-8	t
122	CONSTRUCTORA PUERTO AZUL S.A.			1		1	1004	76231234-4	t
124	INMOBILIARIA E INVERSIONES BODEGA VG LTDA.			1		1	1004	76237052-2	t
125	MOMENTA CONSTRUCCIONES S.A.			1		1	1004	76246895-6	t
126	CONSTRUCTORA M3 S.A			1		1	1004	76262460-5	t
127	CONSTRUCTORA VELARCO SPA			1		1	1004	76267732-6	t
128	CONSTRUCTORA PAILLAHUE SPA			1		1	1004	76279401-2	t
129	ALUSA INGENIERIA LTDA.			1		1	1004	76281400-5	t
130	CONSTRUCTORA HW LIMITADA			1		1	1004	76290063-7	t
131	SANTIAGO ADVANCE SA			1		1	1004	76308913-4	t
132	CONSTRUCTORA LIBERTAD SPA			1		1	1004	76319238-5	t
133	CONSTRUCTORA RAUL DEL RIO LTDA.			1		1	1004	76324750-3	t
134	ANDRES LABORDE CORREA ARQ. Y CONST. E.I.R.L.			1		1	1004	76325588-3	t
135	SOC. SERVIFORMEC LTDA.			1		1	1004	76343090-1	t
136	INVERSIONES GODOY BRUNO LTDA.			1		1	1004	76355180-6	t
137	inmobiliaria e inversiones Alto Valdivia Ltda.			1		1	1004	76360770-4	t
138	CONSTRUCCIONES Y ARRIENDO DE MAQUINARIA EDUARDO RA			1		1	1004	76361895-1	t
139	CONSTRUCTORA SOJO LTDA			1		1	1004	76373805-1	t
140	CONSTRUCTORA CIAPPA SPA.			1		1	1004	76375873-7	t
141	MAESTRANZA SAN AURELIO LTDA.			1		1	1004	76380406-2	t
142	Comercial Lumen Ltda.			1		1	1004	76407140-9	t
143	Constructora Ibañez Barahona Ltda.			1		1	1004	76440370-3	t
144	Comercial Irontrust Ltda.			1		1	1004	76445750-1	t
145	ANALISIS Y ESTUDIOS ELECTRICOS DELTAX LIMITADA			1		1	1004	76505110-K	t
146	 EBCO SUR S.A.			1		1	1004	76525290-3	t
148	inversiones sofrisur s.a			1		1	1004	76553200-0	t
150	CONSTRUCTORA GCI S.A.			1		1	1004	76561810-K	t
151	MANTENIMIENTO DE INSFRAESTRUCTURA PIXELS S.P.A			1		1	1004	76584210-7	t
152	CONSTRUCTORA LNK LTDA			1		1	1004	76599520-5	t
153	Constructora Ingetasco Limitada			1		1	1004	76606320-9	t
154	EMILIO VARGAS Y CIA. LTDA.			1		1	1004	76638410-2	t
155	CONSTRUCTORA PAZ SPA			1		1	1004	76659200-7	t
156	INGESPACIO CONSTRUCTORA VICTOR MONTOYA SALA EIRL			1		1	1004	76680710-0	t
157	SOC.IMPRESOS LLANOS Y LLANOS LTDA.			1		1	1004	76776160-0	t
158	Sociedad Constructora Francisco Lorca Ltda.			1		1	1004	76779980-2	t
159	Constructora Terratec Ltda.			1		1	1004	76832960-5	t
160	Emp de const. y disenos Arquitec. Juan Ramirez EIR			1		1	1004	76843150-7	t
161	CONSTRUCTORA SANTOLAYA LTDA			1		1	1004	76910360-0	t
162	SIENA CONSTRUCTORA S.A.			1		1	1004	76959890-1	t
163	SOC. CONST. E INMOBILIARIA TRIMETAL LTDA			1		1	1004	77002380-7	t
164	Constructora Abril S.A.			1		1	1004	77078530-8	t
165	COLLICO LTDA.			1		1	1004	77113720-2	t
166	INSPECCIONES ASESORIAS TECNICAS Y CONSTRUCCION LIM			1		1	1004	77167300-7	t
167	INMOBILIARIA Y CONSTRUCTORA FUNDART			1		1	1004	77197840-1	t
168	INMOBILIARIA Y CONSTRUCTORA LA PATAGUA LTDA.			1		1	1004	77303370-6	t
169	Constructora Andreu Ltda.			1		1	1004	77312730-1	t
170	Constructora e inmobiliaria Raab Ltda.			1		1	1004	77385940-k	t
171	Empresa Constructora Seegal y Cia Ltda.			1		1	1004	77440720-0	t
172	SOCIEDAD MOLINA Y MOLINA LTDA			1		1	1004	77498380-5	t
173	SOC. CONST. ECHAVARRI HERMANOS LTDA.			1		1	1004	77710830-1	t
174	SOLUCIONES DIGITALES LTDA.			1		1	1004	77745670-9	t
175	CONSTRUCTORA E INMOBILIARIA EMCOT LTDA.			1		1	1004	77812330-4	t
176	Ingeniería y Construcción SIVEC Ltda.			1		1	1004	77858110-8	t
177	ICON INGENIERIA Y CONSTRUCCION S.A.			1		1	1004	77935890-9	t
178	Constructora e Inmobiliaria MPD Ltda.			1		1	1004	77954130-4	t
179	CONSTRUCTORA ALTIUS S.A			1		1	1004	78030120-1	t
180	Danacorp S.A			1		1	1004	78056380-k	t
181	SPONDELLI Cia Ltda			1		1	1004	78059940-5	t
182	EMPRESA CONSTRUCTORA MARCHETTI			1		1	1004	78069880-2	t
183	INMOBILIARIA CUARENTA GRADOS SUR S.A.			1		1	1004	78150250-2	t
184	RVC INGENIERIA Y CONSTRUCCION S A			1		1	1004	78223950-3	t
185	JOSE LUIS DIAZ Y CIA. LTDA.			1		1	1004	78243540-K	t
186	Constructora Pehuenche			1		1	1004	78246760-3	t
187	Empresa de Constructores Coin Ltda.			1		1	1004	78342920-9	t
188	INMOBILIARIA LA VIÑA LIMITADA			1		1	1004	78407860-4	t
149	INVERSIONES SOFRISUR S.A.			1		1	1004	76553200-0	f
40	JAIME MARIN VELASQUEZ			1		1	1004	11543852-2	t
123	Constructora Alzza Ltda			1		1	1004	76236621-5	t
189	CONSTRUCTORA BRIONES Y MARTINEZ LTDA			1		1	1004	78470900-0	t
190	ceramica y arquitectura S.A			1		1	1004	78484230-4	t
191	CONSTRUCTORA BASALTO			1		1	1004	78522940-1	t
192	CONSTRUCTORA TERRAMAR LTDA.			1		1	1004	78534370-0	t
193	CONSTRUCTORA WORNER S.A.			1		1	1004	78568830-9	t
194	Contructora Las Terrazas S.A.			1		1	1004	78616630-6	t
195	Constructora Pio V Ltda.			1		1	1004	78702530-7	t
196	KRAS CONSTRUCCIONES LIMITADA			1		1	1004	78742000-1	t
197	CONSTRUCTORA GOMEZ RECABARREN LTDA			1		1	1004	78902950-4	t
198	CONSTRUCTORA ARMAS LTDA			1		1	1004	79578400-4	t
199	EMPRESA CONSTRUCTORA COEX LTDA			1		1	1004	79588430-0	t
200	COMERCIAL SUCCESSO LTDA			1		1	1004	79605490-5	t
201	Constructora Brotec Icafal Ltda.			1		1	1004	79768480-5	t
202	EMPRESA CONSTRUCTORA ELQUI LTDA			1		1	1004	79847840-0	t
203	EMPRESA DE OBRAS VIALES Y CONSTRUCCION LTDA.			1		1	1004	79870500-8	t
204	Soc. Constructora Santa Cruz S.A.			1		1	1004	79895730-9	t
205	CONSTRUCTORA SANTA TERESA LTDA			1		1	1004	79897890-K	t
206	AGUAS INDUSTRIALES LTDA.			1		1	1004	80012700-9	t
207	CLARO VICUÑA VALENZUELA S.A			1		1	1004	80207900-1	t
208	CONSTRUCTORA CAPREVA S.A.			1		1	1004	80231300-4	t
209	Arzobispado de Santiago			1		1	1004	81795100-7	t
210	EDUARDO RAMIREZ MORENO			1		1	1004	8208663-3	t
211	NAVARRETE DIAZ CUMSILLE INGENIEROS LTDA.			1		1	1004	83407700-0	t
212	EMPRESA CONSTRUCTORA BRAVO E IZQUIERDO LTDA			1		1	1004	84102200-9	t
213	CONSTRUCTORA TREBOL LTDA			1		1	1004	84241100-9	t
214	Constructora Inca Ltda.			1		1	1004	84394000-5	t
215	INGELAB INGENIERIA CIVIL LIMITADA			1		1	1004	84413300-6	t
216	PROCRET			1		1	1004	85405000-1	t
217	Constructora Solari Ltda.			1		1	1004	86033700-2	t
218	CONSTRUCTORA ALMAGRO S.A.			1		1	1004	86356400-k	t
219	EMPRESA CONSTRUCTORA PRIEWER Y PRIEWER LIMITADA 			1		1	1004	86446400-9	t
220	CONSTRUCTORA QUEYLEN S.A.			1		1	1004	86454800-8	t
221	CONSTRUCTORA NOVATEC S.A.			1		1	1004	86856700-7	t
222	CONSTRUCTORA MANQUEHUE LTDA.			1		1	1004	87851700-8	t
223	EMPRESA CONSTRUCTORA DESCO S.A			1		1	1004	88213400-8	t
224	SOC. DE ING Y CONST. CASTELLANI Y MUÑOZ S.A.			1		1	1004	88777700-4	t
225	GONZALO CORNEJO CHAVEZ			1		1	1004	8895178-6	t
226	CONSTRUCTORA RALUN LTDA			1		1	1004	89231700-3	t
227	EMP. CONST. BARRIA Y GONZALEZ LTDA			1		1	1004	89259300-0	t
228	Const. e Inmob. Magal Limitada			1		1	1004	89651600-0	t
229	LUIS ALBERTO SILVA CARVAJAL			1		1	1004	8976413-0	t
230	Constructora Ingevec S.A.			1		1	1004	89853600-9	t
231	Empresa Constructora Tecsa S.A			1		1	1004	91300000-5	t
232	CRISTIAN ALEX CONTRERAS MARTINEZ			1		1	1004	9165161-0	t
233	EMP. CONST. MOLLER Y PEREZ COTAPOS S.A.			1		1	1004	92770000-K	t
234	Constructora Luis Carrera S.A. 			1		1	1004	96521990-0	t
235	Constructora L y D S.A.			1		1	1004	96528140-1	t
236	Sociedad Inmobiliaria Piedra Roja S.A.			1		1	1004	96538850-8	t
237	DOMUS S.A.			1		1	1004	96557050-0	t
238	ENACO LAS VERTIENTES S.A.			1		1	1004	96568180-9	t
239	CONSTRUCTORA ANGELMO			1		1	1004	96611980-2	t
240	CONSTRUCTORA  G.P.R  S.A.			1		1	1004	96649660-6	t
241	Construcciones Especializadas Ltda			1		1	1004	96671230-9	t
242	CONSTRUCTORA FUCHS.GELLONA Y SILVA S.A.			1		1	1004	96675100-2	t
243	CONSTRUCTORA SAN PEDRO S.A			1		1	1004	96685980-6	t
244	EXCAVACIONES Y PROYECTOS DE CHILE S.A.			1		1	1004	96773060-2	t
245	DELTA Y&V INGENIERIA Y CONSTRUCCION S.A			1		1	1004	96844020-9	t
246	EBCO S.A			1		1	1004	96844950-8	t
247	CONSTRUCTORA CUEVAS Y PURCELL S.A.			1		1	1004	96869030-2	t
248	COMBUSTIBLE SERVICIO DE TRANSPORTE Y CARGO S.A			1		1	1004	96884560-8	t
249	Inmobiliaria y Constructora Vidal S.A.			1		1	1004	96889130-8	t
250	SALFA CONSTRUCCION S.A			1		1	1004	96971270-9	t
251	CONSTRUCTORA SUDAMERICANA			1		1	1004	96982890-1	t
252	INGENIERIA Y CONSTRUCCION PUERTO PRINCIPAL S.A			1		1	1004	96988100-4	t
253	maestra construcciones s.a			1		1	1004	96990200-1	t
254	CHRISTIAN STIERLING COTAPOS			1		1	1004	9765411-5	t
255	MARIA ANTONIETA QUIROS BUSTAMENTE			1		1	1004	9766205-3	t
256	Termika Camval S.A.			1		1	1004	99541460-0	t
257	CONSTRUCTORA SOCOVESA SANTIAGO S.A.			1		1	1004	99558680-0	t
260	Esteban	Elbes	Av. Estevez 23	1	Santiago	1	4	11.111.111-11	t
147	EBCOSUR S.A.			1		1	1004	76525290-3	f
259	SOC. CONST. E INMOBILIARIA TRIMETAL LTDA			1		2	1004	77002380-7	f
258	SOC. CONST. E INMOBILIARIA TRIMETAL LTDA			1		2	1004	77002380-7	f
261	DOS MAS DOS S.A.			1	Santiago	2	0	76.065.942-8	t
262	Comercial Lumen Ltda (Prueba)		Carlos Ossandon 385-T	1	La Reina	2	1004	76.407.140-9	f
\.


--
-- Data for Name: usuarios; Type: TABLE DATA; Schema: public; Owner: postgres
--

COPY usuarios (codigo, nombre, clave, tipo, "Cliente") FROM stdin;
2	rpardo	a591ca3ef364ed6a5a46c28afb6500b6	normal	2
3	rpardo	a591ca3ef364ed6a5a46c28afb6500b6	normal	2
4	ltomas	6919a0a526917c481f964be8291c9b36	normal	3
5	ppoblete	573df780c26160a634f201cf4002feb7	normal	1
6	pcaceres	573df780c26160a634f201cf4002feb7	normal	1
7		d41d8cd98f00b204e9800998ecf8427e	normal	1
8	gperez	81dc9bdb52d04dc20036dbd8313ed055	normal	1
9	mgonzalez	573df780c26160a634f201cf4002feb7	normal	1
10	JPEREZ	b2ef9c7b10eb0985365f913420ccb84a	normal	1
11	RPARADA	81dc9bdb52d04dc20036dbd8313ed055	normal	1
12	A	7fc56270e7a70fa81a5935b72eacbe29	normal	1
13	A	7fc56270e7a70fa81a5935b72eacbe29	normal	1
14	h	2510c39011c5be704182423e3a695e91	normal	1
15	m	6f8f57715090da2632453988d9a1501b	normal	1
16	kk	8ce4b16b22b58894aa86c421e8759df3	normal	1
17	k	8ce4b16b22b58894aa86c421e8759df3	normal	1
18	RPARADA	81dc9bdb52d04dc20036dbd8313ed055	normal	1
19	ASDAS	8ef8dcb30c52f4a5097a26c06197a0ae	normal	1
0	cobrogestion	21232f297a57a5a743894a0e4a801fc3	admin	0
1	ltoloza	573df780c26160a634f201cf4002feb7	normal	1
20	0	d41d8cd98f00b204e9800998ecf8427e	normal	1
21	0	d41d8cd98f00b204e9800998ecf8427e	normal	1
22	1	c4ca4238a0b923820dcc509a6f75849b	normal	1
23	h	2510c39011c5be704182423e3a695e91	normal	1
24	k	8ce4b16b22b58894aa86c421e8759df3	normal	1
25	n	7b8b965ad4bca0e41ab51de7b31363a1	normal	1
26	s	03c7c0ace395d80182db07ae2c30f034	normal	1
27	k	8ce4b16b22b58894aa86c421e8759df3	normal	1
28	i	865c0c0b4ab0e063e5caa3387c1a8741	normal	1
29	l	2db95e8e1a9267b7a1188556b2013b33	normal	1
30	k	8ce4b16b22b58894aa86c421e8759df3	normal	1
31	m	6f8f57715090da2632453988d9a1501b	normal	1
32	j	363b122c528f54df4a0446b6bab05515	normal	1
33	m	6f8f57715090da2632453988d9a1501b	NORMAL	1
34	p	83878c91171338902e0fe0fb97a8c47a	NORMAL	1
35	M	69691c7bdcc3ce6d5d8a1361f22d04ac	NORMAL	1
36	j	363b122c528f54df4a0446b6bab05515	NORMAL	1
37	s	03c7c0ace395d80182db07ae2c30f034	NORMAL	1
38	h	2510c39011c5be704182423e3a695e91	NORMAL	1
39		d41d8cd98f00b204e9800998ecf8427e	NORMAL	1
40		d41d8cd98f00b204e9800998ecf8427e	NORMAL	1
41	123456	7ba1b6e101f36efe565b36325ef83316	NORMAL	1
42	0	fcea920f7412b5da7be0cf42b8c93759	NORMAL	1
43	JTOLOZA	fcea920f7412b5da7be0cf42b8c93759	NORMAL	1
\.


--
-- Name: Abono_pkey; Type: CONSTRAINT; Schema: public; Owner: postgres; Tablespace: 
--

ALTER TABLE ONLY "Abono"
    ADD CONSTRAINT "Abono_pkey" PRIMARY KEY (codigo);


--
-- Name: BancoChile_pkey; Type: CONSTRAINT; Schema: public; Owner: postgres; Tablespace: 
--

ALTER TABLE ONLY "BancoChile"
    ADD CONSTRAINT "BancoChile_pkey" PRIMARY KEY (codigo);


--
-- Name: Contacto_pkey; Type: CONSTRAINT; Schema: public; Owner: postgres; Tablespace: 
--

ALTER TABLE ONLY "Contacto"
    ADD CONSTRAINT "Contacto_pkey" PRIMARY KEY (codigo);


--
-- Name: Deuda_pkey; Type: CONSTRAINT; Schema: public; Owner: postgres; Tablespace: 
--

ALTER TABLE ONLY "Deuda"
    ADD CONSTRAINT "Deuda_pkey" PRIMARY KEY (codigo);


--
-- Name: DocumentoPago_pkey; Type: CONSTRAINT; Schema: public; Owner: postgres; Tablespace: 
--

ALTER TABLE ONLY "DocumentoPago"
    ADD CONSTRAINT "DocumentoPago_pkey" PRIMARY KEY (codigo);


--
-- Name: Documento_pkey; Type: CONSTRAINT; Schema: public; Owner: postgres; Tablespace: 
--

ALTER TABLE ONLY "Documento"
    ADD CONSTRAINT "Documento_pkey" PRIMARY KEY ("Codigo");


--
-- Name: DocumentosDerivados_pkey; Type: CONSTRAINT; Schema: public; Owner: postgres; Tablespace: 
--

ALTER TABLE ONLY "DocumentosDerivados"
    ADD CONSTRAINT "DocumentosDerivados_pkey" PRIMARY KEY (codigo);


--
-- Name: EmpresaCliente_pkey; Type: CONSTRAINT; Schema: public; Owner: postgres; Tablespace: 
--

ALTER TABLE ONLY "EmpresaCliente"
    ADD CONSTRAINT "EmpresaCliente_pkey" PRIMARY KEY (codigo);


--
-- Name: EstadoCliente_pkey; Type: CONSTRAINT; Schema: public; Owner: postgres; Tablespace: 
--

ALTER TABLE ONLY "EstadoCliente"
    ADD CONSTRAINT "EstadoCliente_pkey" PRIMARY KEY ("seqEstadoCliente");


--
-- Name: EstadoDeuda_pkey; Type: CONSTRAINT; Schema: public; Owner: postgres; Tablespace: 
--

ALTER TABLE ONLY "EstadoDeuda"
    ADD CONSTRAINT "EstadoDeuda_pkey" PRIMARY KEY (codigo);


--
-- Name: HistorialDoc_pkey; Type: CONSTRAINT; Schema: public; Owner: postgres; Tablespace: 
--

ALTER TABLE ONLY "HistorialDoc"
    ADD CONSTRAINT "HistorialDoc_pkey" PRIMARY KEY (codigo);


--
-- Name: InformeComercial_pkey; Type: CONSTRAINT; Schema: public; Owner: postgres; Tablespace: 
--

ALTER TABLE ONLY "InformeComercial"
    ADD CONSTRAINT "InformeComercial_pkey" PRIMARY KEY (codigo);


--
-- Name: Mensajes_pkey; Type: CONSTRAINT; Schema: public; Owner: postgres; Tablespace: 
--

ALTER TABLE ONLY "Mensajes"
    ADD CONSTRAINT "Mensajes_pkey" PRIMARY KEY ("Codigo");


--
-- Name: OperadorCliente_pkey; Type: CONSTRAINT; Schema: public; Owner: postgres; Tablespace: 
--

ALTER TABLE ONLY "OperadorCliente"
    ADD CONSTRAINT "OperadorCliente_pkey" PRIMARY KEY (codigo);


--
-- Name: Recauda_pkey; Type: CONSTRAINT; Schema: public; Owner: postgres; Tablespace: 
--

ALTER TABLE ONLY "Recauda"
    ADD CONSTRAINT "Recauda_pkey" PRIMARY KEY (codigo);


--
-- Name: Recaudacion_pkey; Type: CONSTRAINT; Schema: public; Owner: postgres; Tablespace: 
--

ALTER TABLE ONLY "Recaudacion"
    ADD CONSTRAINT "Recaudacion_pkey" PRIMARY KEY (codigo);


--
-- Name: RegionChile_pkey; Type: CONSTRAINT; Schema: public; Owner: postgres; Tablespace: 
--

ALTER TABLE ONLY "RegionChile"
    ADD CONSTRAINT "RegionChile_pkey" PRIMARY KEY (codigo);


--
-- Name: RelAccionEstado_pkey; Type: CONSTRAINT; Schema: public; Owner: postgres; Tablespace: 
--

ALTER TABLE ONLY "RelAccionEstado"
    ADD CONSTRAINT "RelAccionEstado_pkey" PRIMARY KEY (codigo);


--
-- Name: RelEstadoAccion_pkey; Type: CONSTRAINT; Schema: public; Owner: postgres; Tablespace: 
--

ALTER TABLE ONLY "RelEstadoAccion"
    ADD CONSTRAINT "RelEstadoAccion_pkey" PRIMARY KEY (codigo);


--
-- Name: RutsUsuarios_pkey; Type: CONSTRAINT; Schema: public; Owner: postgres; Tablespace: 
--

ALTER TABLE ONLY "RutsUsuarios"
    ADD CONSTRAINT "RutsUsuarios_pkey" PRIMARY KEY (codigo);


--
-- Name: TipoCliente_pkey; Type: CONSTRAINT; Schema: public; Owner: postgres; Tablespace: 
--

ALTER TABLE ONLY "TipoOperadorCL"
    ADD CONSTRAINT "TipoCliente_pkey" PRIMARY KEY (codigo);


--
-- Name: TipoCliente_pkey1; Type: CONSTRAINT; Schema: public; Owner: postgres; Tablespace: 
--

ALTER TABLE ONLY "TipoCliente"
    ADD CONSTRAINT "TipoCliente_pkey1" PRIMARY KEY ("seqTipoCliente");


--
-- Name: TipoContacto_pkey; Type: CONSTRAINT; Schema: public; Owner: postgres; Tablespace: 
--

ALTER TABLE ONLY "TipoContacto"
    ADD CONSTRAINT "TipoContacto_pkey" PRIMARY KEY (codigo);


--
-- Name: TipoDocumento_pkey; Type: CONSTRAINT; Schema: public; Owner: postgres; Tablespace: 
--

ALTER TABLE ONLY "TipoDocumento"
    ADD CONSTRAINT "TipoDocumento_pkey" PRIMARY KEY (codigo);


--
-- Name: TipoRut_pkey; Type: CONSTRAINT; Schema: public; Owner: postgres; Tablespace: 
--

ALTER TABLE ONLY "TipoRut"
    ADD CONSTRAINT "TipoRut_pkey" PRIMARY KEY (codigo);


--
-- Name: TramoAccion_pkey; Type: CONSTRAINT; Schema: public; Owner: postgres; Tablespace: 
--

ALTER TABLE ONLY "TramoAccion"
    ADD CONSTRAINT "TramoAccion_pkey" PRIMARY KEY (codigo);


--
-- Name: accion_pkey; Type: CONSTRAINT; Schema: public; Owner: postgres; Tablespace: 
--

ALTER TABLE ONLY accion
    ADD CONSTRAINT accion_pkey PRIMARY KEY (codigo);


--
-- Name: deudor_pkey; Type: CONSTRAINT; Schema: public; Owner: postgres; Tablespace: 
--

ALTER TABLE ONLY deudor
    ADD CONSTRAINT deudor_pkey PRIMARY KEY (codigo);


--
-- Name: usuarios_codigo_key; Type: CONSTRAINT; Schema: public; Owner: postgres; Tablespace: 
--

ALTER TABLE ONLY usuarios
    ADD CONSTRAINT usuarios_codigo_key UNIQUE (codigo);


--
-- Name: usuarios_pkey; Type: CONSTRAINT; Schema: public; Owner: postgres; Tablespace: 
--

ALTER TABLE ONLY usuarios
    ADD CONSTRAINT usuarios_pkey PRIMARY KEY (codigo);


--
-- Name: Documento_Tipo_fkey; Type: FK CONSTRAINT; Schema: public; Owner: postgres
--

ALTER TABLE ONLY "Documento"
    ADD CONSTRAINT "Documento_Tipo_fkey" FOREIGN KEY ("Tipo") REFERENCES "TipoDocumento"(codigo);


--
-- Name: fk_contacto; Type: FK CONSTRAINT; Schema: public; Owner: postgres
--

ALTER TABLE ONLY "Contacto"
    ADD CONSTRAINT fk_contacto FOREIGN KEY ("Deudor") REFERENCES deudor(codigo);


--
-- Name: fk_datosrecauda; Type: FK CONSTRAINT; Schema: public; Owner: postgres
--

ALTER TABLE ONLY "DatosRecauda"
    ADD CONSTRAINT fk_datosrecauda FOREIGN KEY ("CodRecauda") REFERENCES "Recauda"(codigo);


--
-- Name: fk_documento; Type: FK CONSTRAINT; Schema: public; Owner: postgres
--

ALTER TABLE ONLY "Deuda"
    ADD CONSTRAINT fk_documento FOREIGN KEY (codigo) REFERENCES "Documento"("Codigo");


--
-- Name: fk_estadocliente; Type: FK CONSTRAINT; Schema: public; Owner: postgres
--

ALTER TABLE ONLY "EmpresaCliente"
    ADD CONSTRAINT fk_estadocliente FOREIGN KEY ("seqEstadoCliente") REFERENCES "EstadoCliente"("seqEstadoCliente");


--
-- Name: fk_informecomercial; Type: FK CONSTRAINT; Schema: public; Owner: postgres
--

ALTER TABLE ONLY "InformeComercial"
    ADD CONSTRAINT fk_informecomercial FOREIGN KEY ("CodDoc") REFERENCES "Documento"("Codigo");


--
-- Name: fk_operadorcliente; Type: FK CONSTRAINT; Schema: public; Owner: postgres
--

ALTER TABLE ONLY "OperadorCliente"
    ADD CONSTRAINT fk_operadorcliente FOREIGN KEY ("seqCliente") REFERENCES "EmpresaCliente"(codigo);


--
-- Name: fk_recaudacion_banco; Type: FK CONSTRAINT; Schema: public; Owner: postgres
--

ALTER TABLE ONLY "Recaudacion"
    ADD CONSTRAINT fk_recaudacion_banco FOREIGN KEY ("SeqBancoOrigen") REFERENCES "BancoChile"(codigo);


--
-- Name: fk_tipoDOc; Type: FK CONSTRAINT; Schema: public; Owner: postgres
--

ALTER TABLE ONLY "Recauda"
    ADD CONSTRAINT "fk_tipoDOc" FOREIGN KEY ("TipoDocPago") REFERENCES "DocumentoPago"(codigo);


--
-- Name: fk_tipocliente; Type: FK CONSTRAINT; Schema: public; Owner: postgres
--

ALTER TABLE ONLY "EmpresaCliente"
    ADD CONSTRAINT fk_tipocliente FOREIGN KEY ("seqTipoCliente") REFERENCES "TipoCliente"("seqTipoCliente");


--
-- Name: fkey_estadodeuda; Type: FK CONSTRAINT; Schema: public; Owner: postgres
--

ALTER TABLE ONLY "Deuda"
    ADD CONSTRAINT fkey_estadodeuda FOREIGN KEY ("Estado") REFERENCES "EstadoDeuda"(codigo);


--
-- Name: fkey_histDoc; Type: FK CONSTRAINT; Schema: public; Owner: postgres
--

ALTER TABLE ONLY "HistorialDoc"
    ADD CONSTRAINT "fkey_histDoc" FOREIGN KEY ("CodDoc") REFERENCES "Documento"("Codigo");


--
-- Name: fkey_tipocontacto; Type: FK CONSTRAINT; Schema: public; Owner: postgres
--

ALTER TABLE ONLY "Contacto"
    ADD CONSTRAINT fkey_tipocontacto FOREIGN KEY ("Tipo") REFERENCES "TipoContacto"(codigo);


--
-- Name: tiporut; Type: FK CONSTRAINT; Schema: public; Owner: postgres
--

ALTER TABLE ONLY "RutsUsuarios"
    ADD CONSTRAINT tiporut FOREIGN KEY ("TipoRut") REFERENCES "TipoRut"(codigo);


--
-- Name: public; Type: ACL; Schema: -; Owner: postgres
--

REVOKE ALL ON SCHEMA public FROM PUBLIC;
REVOKE ALL ON SCHEMA public FROM postgres;
GRANT ALL ON SCHEMA public TO PUBLIC;


--
-- Name: Abono; Type: ACL; Schema: public; Owner: postgres
--

REVOKE ALL ON TABLE "Abono" FROM PUBLIC;
REVOKE ALL ON TABLE "Abono" FROM postgres;
GRANT ALL ON TABLE "Abono" TO postgres;
GRANT ALL ON TABLE "Abono" TO PUBLIC;


--
-- Name: DocumentosDerivados; Type: ACL; Schema: public; Owner: postgres
--

REVOKE ALL ON TABLE "DocumentosDerivados" FROM PUBLIC;
REVOKE ALL ON TABLE "DocumentosDerivados" FROM postgres;
GRANT ALL ON TABLE "DocumentosDerivados" TO postgres;
GRANT ALL ON TABLE "DocumentosDerivados" TO PUBLIC;


--
-- Name: EmpresaCliente; Type: ACL; Schema: public; Owner: postgres
--

REVOKE ALL ON TABLE "EmpresaCliente" FROM PUBLIC;
REVOKE ALL ON TABLE "EmpresaCliente" FROM postgres;
GRANT ALL ON TABLE "EmpresaCliente" TO postgres;
GRANT ALL ON TABLE "EmpresaCliente" TO PUBLIC;


--
-- Name: EstadoCliente; Type: ACL; Schema: public; Owner: postgres
--

REVOKE ALL ON TABLE "EstadoCliente" FROM PUBLIC;
REVOKE ALL ON TABLE "EstadoCliente" FROM postgres;
GRANT ALL ON TABLE "EstadoCliente" TO postgres;
GRANT ALL ON TABLE "EstadoCliente" TO PUBLIC;


--
-- Name: OperadorCliente; Type: ACL; Schema: public; Owner: postgres
--

REVOKE ALL ON TABLE "OperadorCliente" FROM PUBLIC;
REVOKE ALL ON TABLE "OperadorCliente" FROM postgres;
GRANT ALL ON TABLE "OperadorCliente" TO postgres;
GRANT ALL ON TABLE "OperadorCliente" TO PUBLIC;


--
-- Name: Recaudacion; Type: ACL; Schema: public; Owner: postgres
--

REVOKE ALL ON TABLE "Recaudacion" FROM PUBLIC;
REVOKE ALL ON TABLE "Recaudacion" FROM postgres;
GRANT ALL ON TABLE "Recaudacion" TO postgres;
GRANT ALL ON TABLE "Recaudacion" TO PUBLIC;


--
-- Name: RelAccionEstado; Type: ACL; Schema: public; Owner: postgres
--

REVOKE ALL ON TABLE "RelAccionEstado" FROM PUBLIC;
REVOKE ALL ON TABLE "RelAccionEstado" FROM postgres;
GRANT ALL ON TABLE "RelAccionEstado" TO postgres;
GRANT ALL ON TABLE "RelAccionEstado" TO PUBLIC;


--
-- Name: RelEstadoAccion; Type: ACL; Schema: public; Owner: postgres
--

REVOKE ALL ON TABLE "RelEstadoAccion" FROM PUBLIC;
REVOKE ALL ON TABLE "RelEstadoAccion" FROM postgres;
GRANT ALL ON TABLE "RelEstadoAccion" TO postgres;
GRANT ALL ON TABLE "RelEstadoAccion" TO PUBLIC;


--
-- Name: TipoCliente; Type: ACL; Schema: public; Owner: postgres
--

REVOKE ALL ON TABLE "TipoCliente" FROM PUBLIC;
REVOKE ALL ON TABLE "TipoCliente" FROM postgres;
GRANT ALL ON TABLE "TipoCliente" TO postgres;
GRANT ALL ON TABLE "TipoCliente" TO PUBLIC;


--
-- Name: TipoOperadorCL; Type: ACL; Schema: public; Owner: postgres
--

REVOKE ALL ON TABLE "TipoOperadorCL" FROM PUBLIC;
REVOKE ALL ON TABLE "TipoOperadorCL" FROM postgres;
GRANT ALL ON TABLE "TipoOperadorCL" TO postgres;
GRANT ALL ON TABLE "TipoOperadorCL" TO PUBLIC;


--
-- Name: TipoPersona; Type: ACL; Schema: public; Owner: postgres
--

REVOKE ALL ON TABLE "TipoPersona" FROM PUBLIC;
REVOKE ALL ON TABLE "TipoPersona" FROM postgres;
GRANT ALL ON TABLE "TipoPersona" TO postgres;
GRANT ALL ON TABLE "TipoPersona" TO PUBLIC;


--
-- Name: Z_TABLE; Type: ACL; Schema: public; Owner: postgres
--

REVOKE ALL ON TABLE "Z_TABLE" FROM PUBLIC;
REVOKE ALL ON TABLE "Z_TABLE" FROM postgres;
GRANT ALL ON TABLE "Z_TABLE" TO postgres;
GRANT ALL ON TABLE "Z_TABLE" TO PUBLIC;


--
-- Name: deudor; Type: ACL; Schema: public; Owner: postgres
--

REVOKE ALL ON TABLE deudor FROM PUBLIC;
REVOKE ALL ON TABLE deudor FROM postgres;
GRANT ALL ON TABLE deudor TO postgres;
GRANT ALL ON TABLE deudor TO PUBLIC;


--
-- Name: usuarios; Type: ACL; Schema: public; Owner: postgres
--

REVOKE ALL ON TABLE usuarios FROM PUBLIC;
REVOKE ALL ON TABLE usuarios FROM postgres;
GRANT ALL ON TABLE usuarios TO postgres;
GRANT ALL ON TABLE usuarios TO PUBLIC;


--
-- Name: DEFAULT PRIVILEGES FOR TABLES; Type: DEFAULT ACL; Schema: -; Owner: postgres
--

ALTER DEFAULT PRIVILEGES FOR ROLE postgres REVOKE ALL ON TABLES  FROM PUBLIC;
ALTER DEFAULT PRIVILEGES FOR ROLE postgres REVOKE ALL ON TABLES  FROM postgres;
ALTER DEFAULT PRIVILEGES FOR ROLE postgres GRANT ALL ON TABLES  TO postgres;
ALTER DEFAULT PRIVILEGES FOR ROLE postgres GRANT ALL ON TABLES  TO PUBLIC;


--
-- PostgreSQL database dump complete
--

